node_id,year,method_or_system,task_class,mechanism_family,core_mechanism,sensors,map_model,loop_or_relocalization,open_implementation,relationship,comparison_notes,evidence_status
G001,2007,PTAM,"online tracking + mapping","keyframe feature-based SLAM","parallel camera tracking and mapping for small AR workspaces","monocular camera","sparse keyframe map","relocalization supported in system lineage","historical implementation availability varies","foundational AR-oriented keyframe SLAM","Historical ancestor; use for genealogy rather than default modern benchmark.","primary-paper-verified"
G002,2015,ORB-SLAM,"online monocular SLAM","feature-based keyframe SLAM","ORB features used across tracking mapping relocalization and loop closing","monocular camera","sparse keyframe/covisibility map","place recognition + loop closing",yes,"extends keyframe SLAM lineage","Compare only on monocular SLAM-compatible datasets/protocols.","primary-paper-verified"
G003,2017,ORB-SLAM2,"online visual SLAM","feature-based keyframe SLAM","ORB-based tracking/local mapping/loop closing extended to stereo and RGB-D","monocular; stereo; RGB-D","sparse keyframe map","loop closing + relocalization",yes,"multi-sensor extension of ORB-SLAM","Eligible for legacy visual SLAM comparisons.","primary-paper-verified"
G004,2018,VINS-Mono,"visual-inertial state estimation + loop-aware SLAM","optimization-based VIO","tightly coupled nonlinear optimization with IMU preintegration and feature observations","monocular camera + IMU","sliding-window state plus pose graph","loop detection; relocalization; failure recovery",yes,"VIO branch","Direct comparison requires monocular+IMU inputs and matched VIO protocol.","primary-paper-verified"
G005,2018,DSO,"visual odometry","direct sparse odometry","photometric optimization over selected high-gradient pixels","monocular camera","active sparse points/keyframes","not a full loop-closing SLAM system in canonical form",yes,"direct-method branch","Do not compare global-loop metrics as though DSO were a full loop-closing system.","primary-paper-verified"
G006,2020,OpenVINS,"visual-inertial state estimation","filter-based VIO","EKF/MSCKF-style fusion of inertial state with sparse visual tracks","camera + IMU","filter state / sliding-window clones","depends on configured estimator capabilities",yes,"filter-based VIO branch","Useful contrast with optimization-based VIO under identical sensor inputs.","official-repository-and-paper-verified"
G007,2021,ORB-SLAM3,"visual; visual-inertial; multi-map SLAM","feature-based keyframe SLAM/VISLAM","MAP-based visual-inertial estimation integrated with ORB tracking mapping loop closing and Atlas multi-map representation","monocular; stereo; RGB-D; camera+IMU","Atlas multi-map keyframe representation","place recognition; map merge; relocalization",yes,"unifies and extends ORB-SLAM lineage","Primary modern classical baseline; mode must be frozen per comparison.","primary-paper-verified"
G008,2019,HLoc,"absolute visual localization","hierarchical retrieval + local feature matching","global retrieval narrows database then local feature matching and geometric pose estimation","query camera; optional mapped sensor sources","prebuilt SfM/3D map","absolute relocalization by image-to-map correspondences",yes,"map-based localization branch","Not equivalent to online SLAM; compare on localization recall/pose thresholds.","official-repository-and-paper-verified"
G009,2022,LaMAR-reference-pipeline,"AR localization + mapping benchmark pipeline","modular retrieval/matching/multisensor localization","modular mapping/localization with image retrieval local features matching pose estimation and optional multi-camera/radio/sequence cues","heterogeneous AR-device multi-sensor streams","multi-session registered map","benchmark localization across sessions/devices",yes,"AR-native benchmark/evaluation branch","Anchor for realistic AR localization; compare within declared LaMAR track.","official-benchmark-verified"
