task_id,status,paper,dependency,primary_output
NEXT-01,COMPLETE,P1,none,"protocol/search_strategy.md + evidence/search/search_registry.csv"
NEXT-02,COMPLETE,P1,NEXT-01,"raw primary-study discovery records"
NEXT-03,COMPLETE,P1,NEXT-02,"deduplication + screening ledger"
NEXT-04,COMPLETE,P1,NEXT-03,"coded primary-study evidence"
NEXT-05,BLOCKED_EXTERNAL_EXPORTS,P1,NEXT-04,"frozen corpus + PRISMA counts"
NEXT-06,PILOT_COMPLETE_FINAL_BLOCKED,P1,NEXT-05,"temporal evolution artifacts"
NEXT-07,PILOT_COMPLETE_FINAL_BLOCKED,P1,NEXT-05,"Evidence Cube artifacts"
NEXT-08,PILOT_COMPLETE_FINAL_BLOCKED,P1,NEXT-05,"final method taxonomy"
NEXT-09,PILOT_COMPLETE_FINAL_BLOCKED,P1,NEXT-05,"hardware-sensor-environment artifacts"
NEXT-10,PILOT_COMPLETE_FINAL_BLOCKED,P1,NEXT-05,"dataset-algorithm artifacts"
NEXT-11,PILOT_COMPLETE_FINAL_BLOCKED,P1,NEXT-05,"metric-fragmentation artifacts"
NEXT-12,PILOT_COMPLETE_FINAL_BLOCKED,P1,NEXT-05,"C0-C3 comparability results"
NEXT-13,PILOT_COMPLETE_FINAL_BLOCKED,P1,NEXT-05,"reproducibility audit results"
NEXT-14,PILOT_COMPLETE_FINAL_BLOCKED,P1,NEXT-05,"user-population-accessibility results"
NEXT-15,PILOT_COMPLETE_FINAL_BLOCKED,P1,NEXT-05,"cognitive-load stratification"
NEXT-16,PILOT_COMPLETE_FINAL_BLOCKED,P1,NEXT-12,"contradiction results"
NEXT-17,PILOT_COMPLETE_FINAL_BLOCKED,P1,NEXT-06;NEXT-07;NEXT-13;NEXT-16,"persistent-gap results"
NEXT-18,PILOT_COMPLETE_FINAL_BLOCKED,P1,NEXT-08;NEXT-10;NEXT-11;NEXT-12;NEXT-13;NEXT-17,"researcher decision map"
NEXT-19,PILOT_COMPLETE_FINAL_BLOCKED,P1/P2,NEXT-17;NEXT-18,"experimental opportunity ranking"
NEXT-20,TODO,P2,none,"confirmed build evidence"
NEXT-21,TODO,P2,NEXT-20,"E001 scientific artifacts"
NEXT-22,TODO,P2,NEXT-20,"sensor-fair ORB-SLAM3 protocol"
NEXT-23,TODO,P2,NEXT-22,"VINS-Mono/OpenVINS matched results"
NEXT-24,TODO,P2,NEXT-20,"LaMAR AR-native results"
NEXT-25,TODO,P2,NEXT-21;NEXT-23;NEXT-24,"benchmark-transfer results"
NEXT-26,TODO,P2/P3,NEXT-25,"failure-regime results"
NEXT-27,TODO,P3,NEXT-26,"closest-prior-work novelty matrix"
NEXT-28,TODO,P3,NEXT-27,"formal method if justified"
NEXT-29,TODO,P3,NEXT-28,"method experiments/ablations"
NEXT-30,TODO,P1,NEXT-06;NEXT-07;NEXT-12;NEXT-13;NEXT-16;NEXT-17;NEXT-18,"frozen paper artifact release"
NEXT-31,TODO,P1,NEXT-30,"TVCG manuscript"
NEXT-32,TODO,P1,NEXT-31,"submission audit"
