id,work_package,status,github_path,paper_use,claim_rule
W001,"Review protocol and chronology",complete,README.md,"P1 Methods","safe"
W002,"13 research questions",complete,protocol/RESEARCH_QUESTIONS.md,"P1 Introduction/Methods","safe"
W003,"Decision model",complete,protocol/DECISION_MODEL.md,"P1 Framework","safe"
W004,"C0-C3 comparability model",complete,protocol/DECISION_MODEL.md,"P1/P2 Methods","safe"
W005,"Seven-state gap model",complete,protocol/DECISION_MODEL.md,"P1 Framework","safe"
W006,"19-review seed corpus","initial corpus complete",evidence/reviews/review_master.csv,"P1 Related Work/Results","expand before freeze"
W007,"Six Phase-1 candidate gaps","candidate analysis",evidence/gaps/candidate_gaps_phase1.csv,"P1 Gap Results","candidate language"
W008,"SLAM method inventory","initial complete",evidence/benchmarks/slam_methods.csv,"P1/P2","safe inventory"
W009,"Dataset benchmark map","initial complete",evidence/benchmarks/datasets.csv,"P1/P2","safe taxonomy"
W010,"Metric contract","initial complete",evidence/benchmarks/metrics.csv,"P1/P2","safe"
W011,"Four localization hypotheses","registered",evidence/gaps/tracking_localization_hypotheses.csv,"P2","hypotheses only"
W012,"E001 preregistration",complete,experiments/E001_EUROC_MH01_ORBSLAM3.md,"P2 Methods","safe"
W013,"ATE/RPE evaluator + known-answer tests",complete,benchmarks/tracking_localization_slam/evaluator/,"P2 Evaluation","safe"
W014,"EuRoC ground-truth adapter",complete,benchmarks/tracking_localization_slam/adapters/euroc_groundtruth_to_common.py,"P2 Reproducibility","safe"
W015,"One-command E001 pipeline",complete,experiments/runners/execute_E001.sh,"P2 Reproducibility","describe only"
W016,"ORB-SLAM3 source freeze",frozen,benchmarks/tracking_localization_slam/upstream_pins_frozen.csv,"P2 Reproducibility","safe"
W017,"Pangolin + Ubuntu build lock",frozen,benchmarks/tracking_localization_slam/E001_DEPENDENCY_LOCK.csv,"P2 Reproducibility","safe"
W018,"Build smoke workflow","run unconfirmed",.github/workflows/orbslam3-build-smoke.yml,"P2 Reproducibility","do not claim success"
W019,"E001 scientific run","not run",experiments/EXPERIMENT_REGISTRY.csv,"P2 Results","blocked"
W020,"E002 VINS-Mono","not run",experiments/EXPERIMENT_REGISTRY.csv,"P2 Results","blocked"
W021,"E003 OpenVINS","not run",experiments/EXPERIMENT_REGISTRY.csv,"P2 Results","blocked"
W022,"Adaptive localization method","candidate only",evidence/gaps/tracking_localization_hypotheses.csv,"P3","novelty gate open"
