component,method_id,dependency,version_policy,status,reason
ORB-SLAM3,M001,C++,"C++11",verified,"Canonical upstream requirement."
ORB-SLAM3,M001,OpenCV,">=3.0; candidate 4.4.0",verified-range,"Upstream states >=3 and tested 3.2/4.4."
ORB-SLAM3,M001,Eigen3,">=3.1.0",verified-range,"Canonical upstream requirement."
ORB-SLAM3,M001,Pangolin,"pin at container build",pending,"Exact compatible revision required."
ORB-SLAM3,M001,DBoW2,"bundled upstream revision",verified-policy,"Use repository-bundled modified dependency."
ORB-SLAM3,M001,g2o,"bundled upstream revision",verified-policy,"Use repository-bundled modified dependency."
VINS-Mono,M002,Ubuntu,"16.04 canonical baseline",verified,"Canonical README baseline."
VINS-Mono,M002,ROS,"Kinetic canonical baseline",verified,"Canonical README baseline."
VINS-Mono,M002,Ceres,"1.14.0",verified,"Canonical README explicitly recommends 1.14.0 and warns of issues with >=2.0."
OpenVINS,M003,environment,"select from official supported Docker/build matrix",pending,"Upstream provides multiple ROS1/ROS2 Dockerfiles; freeze only after compatibility test."
LaMAR,M004,Ubuntu,"22.04",verified,"Official tested environment."
LaMAR,M004,Python,"3.10 candidate within documented 3.9/3.10",verified-range,"Choose 3.10 for project environment."
LaMAR,M004,Ceres,"2.1",verified,"Official installation guidance."
LaMAR,M004,COLMAP,"3.8",verified,"Official installation guidance."
LaMAR,M004,HLoc,"1.4",verified,"Official installation guidance."
