review_id,year,title,venue,doi,scope,time_window,records_or_studies,search_basis,technical_focus,human_evaluation,datasets_benchmarks,reproducibility_focus,key_contribution,key_reported_limitation_or_gap,evidence_status
R001,1997,"A Survey of Augmented Reality","Presence: Teleoperators and Virtual Environments","10.1162/pres.1997.6.4.355","General AR","Foundational literature to 1997","Not encoded in source abstract","Survey literature","Displays; registration; sensing; applications","Limited as a survey dimension","No unified benchmark layer identified","No","Field-defining survey and AR system characteristics","Registration and sensing errors emphasized as major problems","verified-metadata-and-abstract"
R002,2001,"Recent Advances in Augmented Reality","IEEE Computer Graphics and Applications","10.1109/38.963459","General AR advances","1997-2001","Representative examples","Complement to Azuma 1997","Enabling technologies; displays; tracking/registration; systems","Not primary focus","No unified benchmark layer identified","No","Update of rapid technical advances after 1997 survey","Continued technical challenges including registration/display/system portability context","verified-metadata-and-abstract"
R003,2015,"A Survey of Augmented Reality","Foundations and Trends in Human-Computer Interaction","10.1561/1100000049","General AR","~50 years to 2015","Broad historical survey","Historical synthesis","Tracking; displays; input devices; applications","Design guidelines included","Not a unified executable benchmark","No explicit reproducibility audit","Broad historical and enabling-technology synthesis","Future work summarized; does not provide a cross-field benchmark/comparability audit","verified-metadata-and-abstract"
R004,2018,"A Systematic Review of 10 Years of Augmented Reality Usability Studies: 2005 to 2014","Frontiers in Robotics and AI","10.3389/frobt.2018.00037","AR user studies","2005-2014","291 papers; 369 user studies","Scopus systematic search and screening","Application categories","Strong","Not algorithm benchmark focused","Study-design practices considered","Large systematic map of influential AR user studies","Many studies conducted in laboratories; pilot testing uncommon; sparse user-study areas remain","verified-fulltext-web"
R005,2018,"A systematic review of augmented reality applications in maintenance","Robotics and Computer-Integrated Manufacturing","10.1016/j.rcim.2017.06.002","Industrial maintenance AR","1997-2017","30 primary studies","Systematic literature review","Hardware; software; tracking; authoring; maintenance applications","Operator support/KPIs","Fragmented technologies rather than unified benchmark","No repository-level audit reported in abstract","Quantifies advantages/disadvantages using maintenance KPIs","High fragmentation across hardware/software/solutions; maturity limitations; tracking and interaction challenges","verified-publisher"
R006,2021,"Visualization Techniques in Augmented Reality: A Taxonomy, Methods and Patterns","IEEE Transactions on Visualization and Computer Graphics","10.1109/TVCG.2020.2986247","AR visualization","Literature available before publication","Not encoded in source abstract","Taxonomy-oriented review","Visualization components; methods; patterns","Supports developer/researcher method selection","No cross-AR algorithm benchmark stated","No","Taxonomy intended to help researchers/developers select and apply AR visualization techniques","Focused on visualization rather than full evidence/benchmark/reproducibility landscape","verified-metadata-and-abstract"
R007,2022,"What, How, and Why are Visual Assets Used in Industrial Augmented Reality? A Systematic Review and Classification in Maintenance, Assembly, and Training (From 1997 to 2019)","IEEE Transactions on Visualization and Computer Graphics","10.1109/TVCG.2020.3014614","Industrial AR visual assets","1997-2019","122 papers; 348 visual assets","Five databases; 1757 initial papers","Visual assets; frame of reference; color coding; animation","Task-oriented","No general AR benchmark","No","What/how/why classification of visual assets","Some visual assets and design choices sparsely used; domain-specific scope","verified-publisher"
R008,2022,"What Is Significant in Modern Augmented Reality: A Systematic Analysis of Existing Reviews","Journal of Imaging","10.3390/jimaging8050145","Umbrella review of AR reviews","Reviews since 2010","47 reviews","Scopus plus inclusion/exclusion screening","Application and technical review coverage","Varies by included review","Assesses review criteria rather than executable benchmarking","No cross-study software audit","Taxonomy of what AR reviews have covered and common review criteria","Lack of application reviews covering all suggested criteria; motivates finer common review taxonomy","verified-fulltext-web"
R009,2023,"Wearable Augmented Reality: Research Trends and Future Directions from Three Major Venues","IEEE Transactions on Visualization and Computer Graphics","10.1109/TVCG.2023.3320231","Wearable AR","2018-2022","389 papers","ISMAR; TVCG; CHI","Display; tracking; interaction; applications","Includes human-facing research trends","Not a unified algorithm benchmark","No explicit full reproducibility audit in abstract","Large venue-based trend synthesis","Future needs include display, tracking, interaction, ethics, accessibility, avatar/embodiment, intelligent agents","verified-publisher"
R010,2023,"Systematic Review of Augmented Reality Training Systems","IEEE Transactions on Visualization and Computer Graphics","10.1109/TVCG.2022.3201120","AR training systems","Literature before publication","Not yet extracted","Systematic review","Training-system technology","Strong training/user focus","To be extracted","To be extracted","Systematic synthesis of AR training systems across medical, rehabilitation and industrial fields","Detailed extraction pending full evidence pass","verified-metadata"
R011,2024,"Review on SLAM algorithms for Augmented Reality","Displays","10.1016/j.displa.2024.102806","SLAM for AR","Recent/classical literature to 2024","96 references reported by publisher page","Review","Feature-based; direct; deep learning; visual SLAM; visual-inertial SLAM; sensors","Not primary focus","Datasets and typical algorithm performance analyzed","No full reproducibility audit stated","AR-specific synthesis of SLAM algorithms, sensors, datasets and performance","Shows need for AR-specific SLAM improvement directions; narrow technical scope","verified-publisher"
R012,2026,"A systematic review of different adoption strategies for augmented reality in maintenance: bridging theory and practice","Discover Applied Sciences","10.1007/s42452-025-07968-1","Industrial maintenance adoption","2017-2025","80 peer-reviewed and gray-literature sources","PRISMA systematic review","Technology adoption/integration","Strong organizational and human factors","Not an algorithm benchmark","Open extraction/coding/bibliometric repository reported","Open and replicable adoption review using TOE framework","Large-scale deployment remains constrained by technological, organizational and environmental challenges","verified-publisher"
