batch_id,start_ordinal,end_ordinal,planned_records,status,decision_source,notes
TA-01,1,250,250,PENDING_GENUINE_SCREENING,protocol/PRIMARY_STUDY_SEARCH_STRATEGY.md,"Deterministic ordinal partition; do not reshuffle after screening starts"
TA-02,251,500,250,PENDING_GENUINE_SCREENING,protocol/PRIMARY_STUDY_SEARCH_STRATEGY.md,"Deterministic ordinal partition; do not reshuffle after screening starts"
TA-03,501,750,250,PENDING_GENUINE_SCREENING,protocol/PRIMARY_STUDY_SEARCH_STRATEGY.md,"Deterministic ordinal partition; do not reshuffle after screening starts"
TA-04,751,1000,250,PENDING_GENUINE_SCREENING,protocol/PRIMARY_STUDY_SEARCH_STRATEGY.md,"Deterministic ordinal partition; do not reshuffle after screening starts"
TA-05,1001,1250,250,PENDING_GENUINE_SCREENING,protocol/PRIMARY_STUDY_SEARCH_STRATEGY.md,"Deterministic ordinal partition; do not reshuffle after screening starts"
TA-06,1251,1500,250,PENDING_GENUINE_SCREENING,protocol/PRIMARY_STUDY_SEARCH_STRATEGY.md,"Deterministic ordinal partition; do not reshuffle after screening starts"
TA-07,1501,1750,250,PENDING_GENUINE_SCREENING,protocol/PRIMARY_STUDY_SEARCH_STRATEGY.md,"Deterministic ordinal partition; do not reshuffle after screening starts"
TA-08,1751,2000,250,PENDING_GENUINE_SCREENING,protocol/PRIMARY_STUDY_SEARCH_STRATEGY.md,"Deterministic ordinal partition; do not reshuffle after screening starts"
TA-09,2001,2250,250,PENDING_GENUINE_SCREENING,protocol/PRIMARY_STUDY_SEARCH_STRATEGY.md,"Deterministic ordinal partition; do not reshuffle after screening starts"
TA-10,2251,2500,250,PENDING_GENUINE_SCREENING,protocol/PRIMARY_STUDY_SEARCH_STRATEGY.md,"Deterministic ordinal partition; do not reshuffle after screening starts"
TA-11,2501,2750,250,PENDING_GENUINE_SCREENING,protocol/PRIMARY_STUDY_SEARCH_STRATEGY.md,"Deterministic ordinal partition; do not reshuffle after screening starts"
TA-12,2751,3000,250,PENDING_GENUINE_SCREENING,protocol/PRIMARY_STUDY_SEARCH_STRATEGY.md,"Deterministic ordinal partition; do not reshuffle after screening starts"
TA-13,3001,3250,250,PENDING_GENUINE_SCREENING,protocol/PRIMARY_STUDY_SEARCH_STRATEGY.md,"Deterministic ordinal partition; do not reshuffle after screening starts"
TA-14,3251,3500,250,PENDING_GENUINE_SCREENING,protocol/PRIMARY_STUDY_SEARCH_STRATEGY.md,"Deterministic ordinal partition; do not reshuffle after screening starts"
TA-15,3501,3750,250,PENDING_GENUINE_SCREENING,protocol/PRIMARY_STUDY_SEARCH_STRATEGY.md,"Deterministic ordinal partition; do not reshuffle after screening starts"
TA-16,3751,4000,250,PENDING_GENUINE_SCREENING,protocol/PRIMARY_STUDY_SEARCH_STRATEGY.md,"Deterministic ordinal partition; do not reshuffle after screening starts"
TA-17,4001,4250,250,PENDING_GENUINE_SCREENING,protocol/PRIMARY_STUDY_SEARCH_STRATEGY.md,"Deterministic ordinal partition; do not reshuffle after screening starts"
TA-18,4251,4500,250,PENDING_GENUINE_SCREENING,protocol/PRIMARY_STUDY_SEARCH_STRATEGY.md,"Deterministic ordinal partition; do not reshuffle after screening starts"
TA-19,4501,4750,250,PENDING_GENUINE_SCREENING,protocol/PRIMARY_STUDY_SEARCH_STRATEGY.md,"Deterministic ordinal partition; do not reshuffle after screening starts"
TA-20,4751,5000,250,PENDING_GENUINE_SCREENING,protocol/PRIMARY_STUDY_SEARCH_STRATEGY.md,"Deterministic ordinal partition; do not reshuffle after screening starts"
TA-21,5001,5250,250,PENDING_GENUINE_SCREENING,protocol/PRIMARY_STUDY_SEARCH_STRATEGY.md,"Deterministic ordinal partition; do not reshuffle after screening starts"
TA-22,5251,5500,250,PENDING_GENUINE_SCREENING,protocol/PRIMARY_STUDY_SEARCH_STRATEGY.md,"Deterministic ordinal partition; do not reshuffle after screening starts"
TA-23,5501,5750,250,PENDING_GENUINE_SCREENING,protocol/PRIMARY_STUDY_SEARCH_STRATEGY.md,"Deterministic ordinal partition; do not reshuffle after screening starts"
TA-24,5751,6000,250,PENDING_GENUINE_SCREENING,protocol/PRIMARY_STUDY_SEARCH_STRATEGY.md,"Deterministic ordinal partition; do not reshuffle after screening starts"
TA-25,6001,6250,250,PENDING_GENUINE_SCREENING,protocol/PRIMARY_STUDY_SEARCH_STRATEGY.md,"Deterministic ordinal partition; do not reshuffle after screening starts"
TA-26,6251,6500,250,PENDING_GENUINE_SCREENING,protocol/PRIMARY_STUDY_SEARCH_STRATEGY.md,"Deterministic ordinal partition; do not reshuffle after screening starts"
TA-27,6501,6750,250,PENDING_GENUINE_SCREENING,protocol/PRIMARY_STUDY_SEARCH_STRATEGY.md,"Deterministic ordinal partition; do not reshuffle after screening starts"
TA-28,6751,7000,250,PENDING_GENUINE_SCREENING,protocol/PRIMARY_STUDY_SEARCH_STRATEGY.md,"Deterministic ordinal partition; do not reshuffle after screening starts"
TA-29,7001,7250,250,PENDING_GENUINE_SCREENING,protocol/PRIMARY_STUDY_SEARCH_STRATEGY.md,"Deterministic ordinal partition; do not reshuffle after screening starts"
TA-30,7251,7500,250,PENDING_GENUINE_SCREENING,protocol/PRIMARY_STUDY_SEARCH_STRATEGY.md,"Deterministic ordinal partition; do not reshuffle after screening starts"
TA-31,7501,7728,228,PENDING_GENUINE_SCREENING,protocol/PRIMARY_STUDY_SEARCH_STRATEGY.md,"Deterministic ordinal partition; do not reshuffle after screening starts"
