screen_id,discovery_id,canonical_year,canonical_title,canonical_venue,canonical_id,metadata_status,duplicate_group,ta_decision,ta_code,ta_reason,fulltext_status,final_stage3_status
S0001,PD0001,2024,"When the User Is Inside the User Interface: An Empirical Study of UI Security Properties in Augmented Reality","33rd USENIX Security Symposium","USENIX:294552",verified,DG0001,include,I-INCLUDE,"Primary empirical AR platform-security evaluation with proof-of-concept attacks",available,"advance_to_extraction"
S0002,PD0002,2021,"Interaction With Gaze, Gesture, and Speech in a Flexibly Configurable Augmented Reality System","IEEE Transactions on Human-Machine Systems","10.1109/THMS.2021.3097973",verified,DG0002,include,I-INCLUDE,"Primary controlled AR multimodal-interaction evaluation",publisher_record,DG0002,"advance_to_extraction"
S0003,PD0003,2026,"Accessible Augmented Reality in Sheltered Workshops: A Mixed-Methods Evaluation for Users with Mental Disabilities","Virtual Worlds","10.3390/virtualworlds5010001",verified,DG0003,include,I-INCLUDE,"Primary mixed-methods HMD-AR accessibility study with 29 analyzed participants",open_fulltext,"advance_to_extraction"
S0004,PD0004,2024,"Enhancing Learning Through Universally Designed Augmented Reality: A Comparative Study of Augmented and Traditional Learning Materials","Studies in Health Technology and Informatics","10.3233/SHTI241044",verified,DG0004,include,I-INCLUDE,"Primary comparative AR accessibility/learning experiments with 36 participants",publisher_record,"advance_to_extraction"
S0005,PD0005,2023,"A Neurophysiological Evaluation of Cognitive Load during Augmented Reality Interactions in Various Industrial Maintenance and Assembly Tasks","Sensors","10.3390/s23187698",verified,DG0005,include,I-INCLUDE,"Primary randomized/controlled AR vs paper workload experiment using EEG and NASA-TLX",open_fulltext,"advance_to_extraction"
S0006,PD0006,2017,"Cognitive Cost of Using Augmented Reality Displays","IEEE Transactions on Visualization and Computer Graphics","10.1109/TVCG.2017.2735098",verified,DG0006,include,I-INCLUDE,"Two primary controlled cognitive-load experiments comparing AR display technologies",publisher_or_repository,"advance_to_extraction"
S0007,PD0007,2020,"Creating Collaborative Augmented Reality Experiences for Industry 4.0 Training and Assistance Applications: Performance Evaluation in the Shipyard of the Future","Applied Sciences","10.3390/app10249073",verified,DG0007,include,I-INCLUDE,"Primary collaborative industrial-AR system and communication-performance evaluation",open_fulltext,"advance_to_extraction"
S0008,PD0008,2025,"Uses and challenges of digital twins-based augmented reality in operator training and data visualization in process manufacturing lines","Flexible Services and Manufacturing Journal","10.1007/s10696-025-09605-w",verified,DG0008,include,I-INCLUDE,"Primary action-research study with employee testing/interviews of DT-based AR applications",open_fulltext,"advance_to_extraction"
S0009,PD0009,2022,"Augmented Reality Authoring of Digital Twins: Design, Implementation and Evaluation in an Industry 4.0 Context","Frontiers in Virtual Reality","10.3389/frvir.2022.918685",verified,DG0009,include,I-INCLUDE,"Primary system implementation and real-factory AR digital-twin evaluation",open_fulltext,"advance_to_extraction"
S0010,PD0010,2021,"Augmented Reality Asset Tracking Using HoloLens","ISPRS Annals of the Photogrammetry, Remote Sensing and Spatial Information Sciences","10.5194/isprs-annals-V-4-2021-121-2021",verified,DG0010,include,I-INCLUDE,"Primary HoloLens object-detection/vSLAM localization system evaluation",open_fulltext,"advance_to_extraction"
S0011,PD0011,2021,"Investigating the Usability of a Head-Mounted Display Augmented Reality Device in Elementary School Children","Sensors","10.3390/s21196623",corrected,DG0011,include,I-INCLUDE,"Primary within-subject HoloLens 2 usability study with 47 children",open_fulltext,"advance_to_extraction"
S0012,PD0012,2023,"Is this real?: Assessing the Usability and Accessibility of Augmented Reality with People with Intellectual Disabilities","Universal Access in Human-Computer Interaction (HCII 2023)","10.1007/978-3-031-35897-5_7",verified,DG0012,include,I-INCLUDE,"Primary AR accessibility user study with 20 participants with intellectual disabilities",repository_fulltext,"advance_to_extraction"
S0013,PD0013,2016,"Augmented reality in educational activities for children with disabilities","Displays","10.1016/j.displa.2015.02.004",verified,DG0013,include,I-INCLUDE,"Primary comparative educational AR experiment with 21 children with disabilities",publisher_record,"advance_to_extraction"
S0014,PD0014,2026,"Situated Augmented Reality for Urban Planning: A Privacy-Aware On-Device Localization Pipeline","ISPRS Annals of the Photogrammetry, Remote Sensing and Spatial Information Sciences","10.5194/isprs-annals-XI-4-2026-205-2026",verified,DG0014,include,I-INCLUDE,"Primary technical AR localization pipeline with controlled validation and urban case study",open_fulltext,"advance_to_extraction"
S0015,PD0015,2025,"Visualizing a Digital Twin for Operators in High-Mix Low-Volume Manufacturing using Augmented Reality","Proceedings of VINCI 2025","10.1145/3769534.3769549",verified,DG0015,include,I-INCLUDE,"Primary formative within-subject AR digital-twin study with six operators",repository_fulltext,"advance_to_extraction"
S0016,PD0016,2025,"Measuring Mental Demand Using Pupil Dilation in an Augmented Reality Environment","Proceedings of the Human Factors and Ergonomics Society Annual Meeting","10.1177/10711813251358793",verified,DG0016,include,I-INCLUDE,"Primary physiological/subjective AR cognitive-workload experiment",publisher_fulltext,"advance_to_extraction"
