batch_id,start_ordinal,end_ordinal,records,path,sha256
TA-01,1,250,250,evidence/screening/formal_pubmed_batches/TA-01.csv,0209868a98ef51ac4f3f3f495f6732531b924b99daa44c4aee9a3a7e0a17fc98
TA-02,251,500,250,evidence/screening/formal_pubmed_batches/TA-02.csv,0f39c55a347457b92a519b2d4bbe5e02ceb74f6f46fcdb8f1c99fc68cecf2dbf
TA-03,501,750,250,evidence/screening/formal_pubmed_batches/TA-03.csv,9bb8c35f38aa63bbc21427ba20849d1168d479215078393687487460b677c6ea
TA-04,751,1000,250,evidence/screening/formal_pubmed_batches/TA-04.csv,c8365273f515869eb7dbb174c506197e04f80b659abba1fe09a5b279ed1f1d4f
TA-05,1001,1250,250,evidence/screening/formal_pubmed_batches/TA-05.csv,90ccb628e7689e294e652c9212deb7b03211bb60bcd1c0ad78674fda6e1f0a6f
TA-06,1251,1500,250,evidence/screening/formal_pubmed_batches/TA-06.csv,d88c05a13519e25b1d096012fb4f96a76efca001af60f025275aad0ac2808ff3
TA-07,1501,1750,250,evidence/screening/formal_pubmed_batches/TA-07.csv,1215aedd26bf198b4134d1be02303cf121bdac809dff87f2f13c18b2555135de
TA-08,1751,2000,250,evidence/screening/formal_pubmed_batches/TA-08.csv,22f9f3bdbf99fd72e6d862fc670521b1915a6ad1db971c5d10689459c081a47f
TA-09,2001,2250,250,evidence/screening/formal_pubmed_batches/TA-09.csv,bccf271c6e5aac5b041bdc82bff45b353ffe0b0b17f00386c15bafbd6f61d42a
TA-10,2251,2500,250,evidence/screening/formal_pubmed_batches/TA-10.csv,16b65a0ec089c32b784869b9f16b7efb07223f7f211f50b2e3af69b5e80170d9
TA-11,2501,2750,250,evidence/screening/formal_pubmed_batches/TA-11.csv,854cb28c8f26d8b860eece152168bb425dc117b12b4512c554f6c45686588c58
TA-12,2751,3000,250,evidence/screening/formal_pubmed_batches/TA-12.csv,61922713a10c8bf88ff829fa47668bb8a0ad7515cbef90b428e47579d91f37ec
TA-13,3001,3250,250,evidence/screening/formal_pubmed_batches/TA-13.csv,23d43627a1962ccf34c59ee3dd954089bb51535add78f506fa7be8756e36b202
TA-14,3251,3500,250,evidence/screening/formal_pubmed_batches/TA-14.csv,0b7a32a71982793f9dc48f918f6b30a186c03188f286b6c7e101c916d2c7bf31
TA-15,3501,3750,250,evidence/screening/formal_pubmed_batches/TA-15.csv,76505da25d2821b9fd78ec70f07e39bbf3f68682092aef0e380a54306ec13717
TA-16,3751,4000,250,evidence/screening/formal_pubmed_batches/TA-16.csv,1fb45a57fe525f41dedb8402840182a384b2c4a7a4847449b2636f70d3a3c3b5
TA-17,4001,4250,250,evidence/screening/formal_pubmed_batches/TA-17.csv,3721025143d723077e6b25fc95ddb19741d595ae3bb79cfd6567a9d694211b27
TA-18,4251,4500,250,evidence/screening/formal_pubmed_batches/TA-18.csv,c3bdd3aade8c2b9374dce53f595fb720e8df0176824af694ad82284760df126d
TA-19,4501,4750,250,evidence/screening/formal_pubmed_batches/TA-19.csv,d89f9ef805ab59748a3ca21f322beca7b9109f5cf1a3f7f2b1cf7a77855a8096
TA-20,4751,5000,250,evidence/screening/formal_pubmed_batches/TA-20.csv,e764b7c5f9062f3633d9dd281c56daa41f30d44efc89ada2a6f30f94286f483b
TA-21,5001,5250,250,evidence/screening/formal_pubmed_batches/TA-21.csv,e6d37faef263f924d7154786bebf13842e19da2be0a7859410b3c2b128722bc5
TA-22,5251,5500,250,evidence/screening/formal_pubmed_batches/TA-22.csv,e8c30a15565ab3feef34c3f092067716f74968bc6e902da8f6d4c2985a76efbf
TA-23,5501,5750,250,evidence/screening/formal_pubmed_batches/TA-23.csv,c92e51d20c08f651480b384fca769f9f495056f384155698d53b6e5ed3b901fa
TA-24,5751,6000,250,evidence/screening/formal_pubmed_batches/TA-24.csv,10abdc3e651b50650d023a6e2ffd1f469aa67685ed2be4e761eee4b3dff11cc1
TA-25,6001,6250,250,evidence/screening/formal_pubmed_batches/TA-25.csv,2d9be0711f242ab8d6377e44ebe867cf998f44023110ba72aeced48ce9d6cc4f
TA-26,6251,6500,250,evidence/screening/formal_pubmed_batches/TA-26.csv,c54a943f685c531787bc2a2ae0ab9d0e4b6c0489c54c71e60a1e4b6ba9eac154
TA-27,6501,6750,250,evidence/screening/formal_pubmed_batches/TA-27.csv,4366b705304367d505a701b14fc1dbc470f19e60c13e016b3b7980483a3fc110
TA-28,6751,7000,250,evidence/screening/formal_pubmed_batches/TA-28.csv,1ee7a45c0fa2f1df2024b431d69c7e9bd658791249f2dbdc6dc73d192c637f23
TA-29,7001,7250,250,evidence/screening/formal_pubmed_batches/TA-29.csv,d0c4fa65c2eaef9f4b690faaa8d2c7ac59033ca502c84984463cefd4e308b20f
TA-30,7251,7500,250,evidence/screening/formal_pubmed_batches/TA-30.csv,b851c1070b7ee38ce7a585990162b3066c515d845086f61e67a57ce0287faef5
TA-31,7501,7728,228,evidence/screening/formal_pubmed_batches/TA-31.csv,71fb263ed64245da0ccf9eefbc330f735a7e3c5376432e5ee0598115a4715ea9
