study_id,citation_key,obligation_state_summary
S0001,Cheng2024ARUISecurity,UNKNOWN_UNTIL_EXPLICIT_FIELD_EXTRACTION; no silent imputation
S0006,Baumeister2017CognitiveCost,UNKNOWN_UNTIL_EXPLICIT_FIELD_EXTRACTION; no silent imputation
S0011,Lauer2021HMDChildren,UNKNOWN_UNTIL_EXPLICIT_FIELD_EXTRACTION; no silent imputation
S0005,Alessa2023Neurophysiological,UNKNOWN_UNTIL_EXPLICIT_FIELD_EXTRACTION; no silent imputation
S0002,Wang2021MultimodalInteraction,UNKNOWN_UNTIL_EXPLICIT_FIELD_EXTRACTION; no silent imputation
S0003,Knoben2026AccessibleWorkshops,UNKNOWN_UNTIL_EXPLICIT_FIELD_EXTRACTION; no silent imputation
S0004,Szentirmai2024UniversallyDesignedAR,UNKNOWN_UNTIL_EXPLICIT_FIELD_EXTRACTION; no silent imputation
S0007,VidalBalea2020CollaborativeIndustry,UNKNOWN_UNTIL_EXPLICIT_FIELD_EXTRACTION; no silent imputation
S0008,Perno2025DigitalTwinsAR,UNKNOWN_UNTIL_EXPLICIT_FIELD_EXTRACTION; no silent imputation
S0009,Begout2022ARAuthoringDT,UNKNOWN_UNTIL_EXPLICIT_FIELD_EXTRACTION; no silent imputation
S0010,Fan2021ARAssetTracking,UNKNOWN_UNTIL_EXPLICIT_FIELD_EXTRACTION; no silent imputation
S0012,Guedes2023IsThisReal,UNKNOWN_UNTIL_EXPLICIT_FIELD_EXTRACTION; no silent imputation
S0013,Lin2016AREducationDisabilities,UNKNOWN_UNTIL_EXPLICIT_FIELD_EXTRACTION; no silent imputation
S0014,Alfakhori2026SituatedUrbanAR,UNKNOWN_UNTIL_EXPLICIT_FIELD_EXTRACTION; no silent imputation
S0015,VanDenBergh2025DigitalTwinOperators,UNKNOWN_UNTIL_EXPLICIT_FIELD_EXTRACTION; no silent imputation
S0016,Mohanty2025PupilDilationAR,UNKNOWN_UNTIL_EXPLICIT_FIELD_EXTRACTION; no silent imputation
PD0017,Kagami2026TagAlong,UNKNOWN_UNTIL_EXPLICIT_FIELD_EXTRACTION; no silent imputation
PD0018,Kanellopoulos2026Diagnosing,UNKNOWN_UNTIL_EXPLICIT_FIELD_EXTRACTION; no silent imputation
PD0019,Ahmetovic2025Artwork,UNKNOWN_UNTIL_EXPLICIT_FIELD_EXTRACTION; no silent imputation
PD0020,Chen2026UbiGrip,UNKNOWN_UNTIL_EXPLICIT_FIELD_EXTRACTION; no silent imputation
PD0023,Cox2025ClinicalAR,UNKNOWN_UNTIL_EXPLICIT_FIELD_EXTRACTION; no silent imputation
PD0024,Mathew2026ARRAE,UNKNOWN_UNTIL_EXPLICIT_FIELD_EXTRACTION; no silent imputation
PD0025,Pantforder2024DigitalTwinsMR,UNKNOWN_UNTIL_EXPLICIT_FIELD_EXTRACTION; no silent imputation
PD0026,Sahoo2026LaserProjection,UNKNOWN_UNTIL_EXPLICIT_FIELD_EXTRACTION; no silent imputation
PD0027,Drouot2022IndustrialAssembly,UNKNOWN_UNTIL_EXPLICIT_FIELD_EXTRACTION; no silent imputation
PD0028,Yang2019AssemblyCognitiveLoad,UNKNOWN_UNTIL_EXPLICIT_FIELD_EXTRACTION; no silent imputation
PD0029,Seeliger2023QualityInspection,UNKNOWN_UNTIL_EXPLICIT_FIELD_EXTRACTION; no silent imputation
PD0030,AticiUlusu2021CognitiveLoad,UNKNOWN_UNTIL_EXPLICIT_FIELD_EXTRACTION; no silent imputation
PD0031,Marino2024AssemblyGuidance,UNKNOWN_UNTIL_EXPLICIT_FIELD_EXTRACTION; no silent imputation
PD0032,Kim2024MarkerlessSurgery,UNKNOWN_UNTIL_EXPLICIT_FIELD_EXTRACTION; no silent imputation
PD0033,Schneider2020LiverRegistration,UNKNOWN_UNTIL_EXPLICIT_FIELD_EXTRACTION; no silent imputation
PD0034,Wang2005Occlusion,UNKNOWN_UNTIL_EXPLICIT_FIELD_EXTRACTION; no silent imputation
PD0035,Tian2010Occlusion,UNKNOWN_UNTIL_EXPLICIT_FIELD_EXTRACTION; no silent imputation
PD0036,Li2022MonocularOcclusion,UNKNOWN_UNTIL_EXPLICIT_FIELD_EXTRACTION; no silent imputation
PD0037,Fan2026DepthCueConflict,UNKNOWN_UNTIL_EXPLICIT_FIELD_EXTRACTION; no silent imputation
PD0038,Denning2014Bystanders,UNKNOWN_UNTIL_EXPLICIT_FIELD_EXTRACTION; no silent imputation
PD0039,OHagan2022EverydayPrivacy,UNKNOWN_UNTIL_EXPLICIT_FIELD_EXTRACTION; no silent imputation
PD0040,Corbett2023BystandAR,UNKNOWN_UNTIL_EXPLICIT_FIELD_EXTRACTION; no silent imputation
PD0041,Hao2024DelayGuaranteed,UNKNOWN_UNTIL_EXPLICIT_FIELD_EXTRACTION; no silent imputation
PD0042,Na2024GenerativeAIEdge,UNKNOWN_UNTIL_EXPLICIT_FIELD_EXTRACTION; no silent imputation
PD0043,Ahn2020EnergyEfficient,UNKNOWN_UNTIL_EXPLICIT_FIELD_EXTRACTION; no silent imputation
PD0044,Coughlan2017AR4VI,UNKNOWN_UNTIL_EXPLICIT_FIELD_EXTRACTION; no silent imputation
PD0045,Huang2019SignReading,UNKNOWN_UNTIL_EXPLICIT_FIELD_EXTRACTION; no silent imputation
PD0046,Gopalakrishnan2020VisualAcuity,UNKNOWN_UNTIL_EXPLICIT_FIELD_EXTRACTION; no silent imputation
PD0047,Lang2021ButtonLowVision,UNKNOWN_UNTIL_EXPLICIT_FIELD_EXTRACTION; no silent imputation
PD0048,Salameh2026RemoteAssistance,UNKNOWN_UNTIL_EXPLICIT_FIELD_EXTRACTION; no silent imputation
PD0049,Seeliger2024ContextAdaptive,UNKNOWN_UNTIL_EXPLICIT_FIELD_EXTRACTION; no silent imputation
PD0050,Islam2026ARAuthentication,UNKNOWN_UNTIL_EXPLICIT_FIELD_EXTRACTION; no silent imputation
PD0051,Marques2023CollaborativeEvaluation,UNKNOWN_UNTIL_EXPLICIT_FIELD_EXTRACTION; no silent imputation
PD0052,Yang2024SharedArtifact,UNKNOWN_UNTIL_EXPLICIT_FIELD_EXTRACTION; no silent imputation
PD0053,Blum2025CroCoDL,UNKNOWN_UNTIL_EXPLICIT_FIELD_EXTRACTION; no silent imputation
PD0054,Rasch2026SharedGaze,UNKNOWN_UNTIL_EXPLICIT_FIELD_EXTRACTION; no silent imputation
PD0055,Shi2025CARINGAI,UNKNOWN_UNTIL_EXPLICIT_FIELD_EXTRACTION; no silent imputation
PD0056,Yang2025SocialMind,UNKNOWN_UNTIL_EXPLICIT_FIELD_EXTRACTION; no silent imputation
PD0057,Li2025Satori,UNKNOWN_UNTIL_EXPLICIT_FIELD_EXTRACTION; no silent imputation
PD0058,Zhu2025AgentAR,UNKNOWN_UNTIL_EXPLICIT_FIELD_EXTRACTION; no silent imputation
PD0059,Aschenbrenner2019HumanFactors,UNKNOWN_UNTIL_EXPLICIT_FIELD_EXTRACTION; no silent imputation
PD0060,Derby2022DeviceUsability,UNKNOWN_UNTIL_EXPLICIT_FIELD_EXTRACTION; no silent imputation
PD0061,Leins2024GuidedAssembly,UNKNOWN_UNTIL_EXPLICIT_FIELD_EXTRACTION; no silent imputation
PD0062,Gurerk2025ProductivityLearning,UNKNOWN_UNTIL_EXPLICIT_FIELD_EXTRACTION; no silent imputation
PD0063,Pan2023AriaDigitalTwin,UNKNOWN_UNTIL_EXPLICIT_FIELD_EXTRACTION; no silent imputation
PD0064,Zhu2023EgoObjects,UNKNOWN_UNTIL_EXPLICIT_FIELD_EXTRACTION; no silent imputation
PD0065,Deng2026EgoHOIBench,UNKNOWN_UNTIL_EXPLICIT_FIELD_EXTRACTION; no silent imputation
PD0066,Xiu2026ContrAR,UNKNOWN_UNTIL_EXPLICIT_FIELD_EXTRACTION; no silent imputation
PD0067,Donley2021EasyCom,UNKNOWN_UNTIL_EXPLICIT_FIELD_EXTRACTION; no silent imputation
PD0068,Aromaa2020Awareness,UNKNOWN_UNTIL_EXPLICIT_FIELD_EXTRACTION; no silent imputation
PD0069,Chaudhari2025SafetyHazards,UNKNOWN_UNTIL_EXPLICIT_FIELD_EXTRACTION; no silent imputation
PD0070,Cardenas2026DisplayClutterSafety,UNKNOWN_UNTIL_EXPLICIT_FIELD_EXTRACTION; no silent imputation
PD0071,Hu2025XRRealityCheck,UNKNOWN_UNTIL_EXPLICIT_FIELD_EXTRACTION; no silent imputation
PD0072,Sahu2025EdgeEnergy,UNKNOWN_UNTIL_EXPLICIT_FIELD_EXTRACTION; no silent imputation
PD0073,Chen2024ConstructionSafetyVLM,UNKNOWN_UNTIL_EXPLICIT_FIELD_EXTRACTION; no silent imputation
PD0074,Seo2021CachePower,UNKNOWN_UNTIL_EXPLICIT_FIELD_EXTRACTION; no silent imputation
PD0075,He2021DRLOffloading,UNKNOWN_UNTIL_EXPLICIT_FIELD_EXTRACTION; no silent imputation
PD0076,Scargill2024EnvironmentTexture,UNKNOWN_UNTIL_EXPLICIT_FIELD_EXTRACTION; no silent imputation
PD0077,Masood2020IndustrialAdoption,UNKNOWN_UNTIL_EXPLICIT_FIELD_EXTRACTION; no silent imputation
PD0078,Loizeau2021FieldEvaluation,UNKNOWN_UNTIL_EXPLICIT_FIELD_EXTRACTION; no silent imputation
PD0079,Zigart2022IndustrialSAR,UNKNOWN_UNTIL_EXPLICIT_FIELD_EXTRACTION; no silent imputation
PD0080,Vanukuru2023DualStream,UNKNOWN_UNTIL_EXPLICIT_FIELD_EXTRACTION; no silent imputation
PD0081,VidalBalea2025AnchorSharing,UNKNOWN_UNTIL_EXPLICIT_FIELD_EXTRACTION; no silent imputation
