study_id,citation_key,task,device,population,environment,intervention,comparator,metric,measurement_semantics,reported_direction,reported_effect_if_available,validation_design,context,quality_provenance,unknown_fields,candidate_claim_ids,obligation_states,source_notes
PD0005,Alessa2023Neurophysiological,"industrial maintenance and assembly","HoloLens AR","N=28","controlled study","AR instructions","paper instructions","EEG; NASA-TLX; task time","objective neurophysiology + subjective workload + performance","condition dependent","UNKNOWN","controlled comparative experiment","task complexity varies","validated repository record","exact effect values; detailed population descriptors","C1;C2;C5","O1 SAT; O2 SAT; O3 SAT; O4 PARTIAL; O5 SAT; O6 UNKNOWN; O7 PARTIAL; O8 SAT","repository summary only"
PD0006,Baumeister2017CognitiveCost,"procedural button-pressing","spatial AR; HoloLens; Gear VR","UNKNOWN","controlled study","AR display technologies","display alternatives","self-report; dual-task","subjective + dual-task cognitive cost","display dependent","UNKNOWN","two controlled experiments","display/FOV differences","validated repository record","sample size; exact effects","C1;C2;C5","O1 SAT; O2 PARTIAL; O3 SAT; O4 PARTIAL; O5 SAT; O6 UNKNOWN; O7 PARTIAL; O8 SAT","repository summary only"
PD0016,Mohanty2025PupilDilationAR,"AR learning/problem solving","HoloLens + Dikablis eye tracking","UNKNOWN","AR environment","AR task","UNKNOWN","pupil dilation; NASA-TLX","physiological + subjective mental demand","UNKNOWN","UNKNOWN","physiological experiment","learning/problem solving","validated repository record","comparator; effect direction; sample","C1;C5","O1 PARTIAL; O2 SAT; O3 SAT; O4 UNKNOWN; O5 SAT; O6 UNKNOWN; O7 PARTIAL; O8 SAT","insufficient repository detail for direction"
PD0023,Cox2025ClinicalAR,"cricothyrotomy + chest-tube simulation","AR clinical decision support","clinicians","simulation","AR decision support","control","NASA-TLX; qualitative interview","subjective cognitive workload","decrease","UNKNOWN","randomized simulation study","surgical procedural tasks","validated repository record","exact effects; sample size","C2;C3","O1 SAT; O2 SAT; O3 SAT; O4 PARTIAL; O5 PARTIAL; O6 SAT; O7 SAT; O8 SAT","repository summary"
PD0024,Mathew2026ARRAE,"experiential higher-education communication","smart glasses captions/interpreter","12 DHH participants","experiential education","AR communication access","UNKNOWN","attention; perceived cognitive load","attention + perceived cognitive load","UNKNOWN","UNKNOWN","empirical accessibility study","DHH higher education","validated repository record","comparator; exact direction/effect","C1;C5","O1 PARTIAL; O2 PARTIAL; O3 SAT; O4 UNKNOWN; O5 SAT; O6 SAT; O7 SAT; O8 SAT","direction not supported by visible summary"
PD0026,Sahoo2026LaserProjection,"assembly","AR laser projection","25 participants","controlled assembly","laser projection guidance","video; pictorial","ocular; NASA-TLX; task performance","physiological/subjective workload + performance","UNKNOWN","UNKNOWN","repeated-measures experiment","operator guidance","validated repository record","exact direction/effect by comparator","C1;C2;C5","O1 SAT; O2 SAT; O3 SAT; O4 PARTIAL; O5 SAT; O6 PARTIAL; O7 PARTIAL; O8 SAT","direction not supported by visible summary"
PD0027,Drouot2022IndustrialAssembly,"industrial assembly line","UNKNOWN","UNKNOWN","real industrial line","AR instructions","computerized instructions","eye tracking; NASA-TLX; dual task; time","multi-measure mental workload + performance","increase workload / slower assembly","UNKNOWN","comparative field-like study","industrial assembly","validated repository record","device; sample; exact effects","C1;C4;C5","O1 SAT; O2 SAT; O3 SAT; O4 PARTIAL; O5 UNKNOWN; O6 UNKNOWN; O7 SAT; O8 SAT","AR increased assembly time and workload signals"
PD0028,Yang2019AssemblyCognitiveLoad,"assembly commissioning/joining","UNKNOWN","UNKNOWN","controlled assembly","AR assistance","comparison condition","cognitive load; performance","task-stage/complexity-sensitive","mixed: decreases in commissioning; can increase in low-complexity joining","UNKNOWN","three experiments","stage and task complexity","validated repository record","device; population; exact effects","C1;C2;C4;C5","O1 SAT; O2 PARTIAL; O3 SAT; O4 SAT; O5 UNKNOWN; O6 UNKNOWN; O7 PARTIAL; O8 SAT","key condition-split evidence"
PD0029,Seeliger2023QualityInspection,"industrial quality inspection","HMD AR","N=35","within-subject","HMD AR guidance","screen/no guidance","performance; workload","human factors + performance","improved performance and lower workload","UNKNOWN","within-subject experiment","industrial inspection","validated repository record","exact effect values","C2;C3","O1 SAT; O2 PARTIAL; O3 SAT; O4 PARTIAL; O5 SAT; O6 PARTIAL; O7 PARTIAL; O8 SAT","repository summary"
PD0030,AticiUlusu2021CognitiveLoad,"automotive assembly","AR glasses","UNKNOWN","automotive assembly","AR glasses","current procedure","EEG; NASA-TLX","objective + subjective cognitive load","UNKNOWN","UNKNOWN","comparative experiment","automotive operators","validated repository record","effect direction; sample; environment detail","C1;C5","O1 SAT; O2 SAT; O3 SAT; O4 PARTIAL; O5 SAT; O6 UNKNOWN; O7 SAT; O8 SAT","direction unavailable in repository summary"
PD0031,Marino2024AssemblyGuidance,"assembly guidance","tablet AR","representative and experienced operators","industrial-style assembly","tablet AR","technical documents","performance; cognitive load","performance + workload","UNKNOWN","UNKNOWN","comparative study","Industry 4.0 operators","validated repository record","exact direction/effect","C1;C2;C5","O1 SAT; O2 PARTIAL; O3 SAT; O4 PARTIAL; O5 SAT; O6 SAT; O7 PARTIAL; O8 SAT","direction unavailable in repository summary"
R013,GonnermannMuller2025ARLearningDesign,"learning/training cognitive load","varied","varied","varied","AR learning designs","varied","multiple workload measures","systematic synthesis","condition dependent","15 recommendations across six design dimensions","systematic literature review","27 publications / 29 experiments","verified fulltext-web repository record","individual-study details not all extracted","C5;C6","O9 SAT; O10 SAT","secondary evidence"
R014,Zhu2026CognitiveLoad,"educational AR cognitive load","varied","1890 subjects total","varied","AR","controls across included studies","pooled cognitive load","meta-analysis","overall reduction with strong heterogeneity/moderation","I2=92.7%","systematic search + meta-analysis","27 studies","verified fulltext-web repository record","individual effects not reproduced here","C3;C5;C6","O9 SAT; O10 VIOLATED_FOR_UNIVERSALITY","moderators: intervention frequency and feedback form"
