reference_index,citation_key,study_id,validation_status,authoritative_basis,allowed_in_manuscript,notes,document_role,EET_component,baseline_component,candidate_claim_supported,candidate_manuscript_section,citation_required,gate1_status
1,Cheng2024ARUISecurity,S0001,validated,USENIX proceedings BibTeX,yes,No DOI invented; proceedings metadata used,standard_or_seed_empirical,context_scope,taxonomy,Supports context scope assessment; exact manuscript sentence to be frozen after Gate 4,AR evidence,candidate,ACCOUNTED_GATE1
2,Baumeister2017CognitiveCost,S0006,validated,PubMed + institutional repository/DOI metadata,yes,Volume/issue/pages/DOI confirmed,standard_or_seed_empirical,context_scope,taxonomy,Supports context scope assessment; exact manuscript sentence to be frozen after Gate 4,AR evidence,candidate,ACCOUNTED_GATE1
3,Lauer2021HMDChildren,S0011,validated,PubMed/PMC publisher metadata,yes,Corrects provisional discovery venue,standard_or_seed_empirical,context_scope,taxonomy,Supports context scope assessment; exact manuscript sentence to be frozen after Gate 4,AR evidence,candidate,ACCOUNTED_GATE1
4,Alessa2023Neurophysiological,S0005,validated,PubMed/PMC + publisher metadata,yes,Authors/volume/issue/article/DOI confirmed,standard_or_seed_empirical,context_scope,taxonomy,Supports context scope assessment; exact manuscript sentence to be frozen after Gate 4,AR evidence,candidate,ACCOUNTED_GATE1
5,Wang2021MultimodalInteraction,S0002,validated,IEEE/DBLP journal metadata,yes,Authors volume issue pages DOI confirmed,standard_or_seed_empirical,context_scope,taxonomy,Supports context scope assessment; exact manuscript sentence to be frozen after Gate 4,AR evidence,candidate,ACCOUNTED_GATE1
6,Knoben2026AccessibleWorkshops,S0003,validated,MDPI version of record,yes,Five authors volume issue article DOI confirmed,standard_or_seed_empirical,context_scope,taxonomy,Supports context scope assessment; exact manuscript sentence to be frozen after Gate 4,AR evidence,candidate,ACCOUNTED_GATE1
7,Szentirmai2024UniversallyDesignedAR,S0004,validated,PubMed + publisher metadata,yes,Authors volume pages DOI confirmed,standard_or_seed_empirical,context_scope,taxonomy,Supports context scope assessment; exact manuscript sentence to be frozen after Gate 4,AR evidence,candidate,ACCOUNTED_GATE1
8,VidalBalea2020CollaborativeIndustry,S0007,validated,MDPI version of record,yes,Five authors volume issue article DOI confirmed,standard_or_seed_empirical,context_scope,taxonomy,Supports context scope assessment; exact manuscript sentence to be frozen after Gate 4,AR evidence,candidate,ACCOUNTED_GATE1
9,Perno2025DigitalTwinsAR,S0008,validated,Springer version of record,yes,Three authors title journal year DOI confirmed,standard_or_seed_empirical,context_scope,taxonomy,Supports context scope assessment; exact manuscript sentence to be frozen after Gate 4,AR evidence,candidate,ACCOUNTED_GATE1
10,Begout2022ARAuthoringDT,S0009,validated,Frontiers version of record,yes,Four authors volume article DOI confirmed,standard_or_seed_empirical,context_scope,taxonomy,Supports context scope assessment; exact manuscript sentence to be frozen after Gate 4,AR evidence,candidate,ACCOUNTED_GATE1
11,Fan2021ARAssetTracking,S0010,validated,ISPRS version of record,yes,Authors volume pages DOI confirmed,standard_or_seed_empirical,context_scope,taxonomy,Supports context scope assessment; exact manuscript sentence to be frozen after Gate 4,AR evidence,candidate,ACCOUNTED_GATE1
12,Guedes2023IsThisReal,S0012,validated,Springer + institutional repository metadata,yes,Five authors LNCS volume pages DOI confirmed,standard_or_seed_empirical,context_scope,taxonomy,Supports context scope assessment; exact manuscript sentence to be frozen after Gate 4,AR evidence,candidate,ACCOUNTED_GATE1
13,Lin2016AREducationDisabilities,S0013,validated,Elsevier/ScienceDirect metadata,yes,Eight authors volume pages DOI confirmed,standard_or_seed_empirical,context_scope,taxonomy,Supports context scope assessment; exact manuscript sentence to be frozen after Gate 4,AR evidence,candidate,ACCOUNTED_GATE1
14,Alfakhori2026SituatedUrbanAR,S0014,validated,ISPRS version of record,yes,Three authors volume start page DOI confirmed,standard_or_seed_empirical,context_scope,taxonomy,Supports context scope assessment; exact manuscript sentence to be frozen after Gate 4,AR evidence,candidate,ACCOUNTED_GATE1
15,VanDenBergh2025DigitalTwinOperators,S0015,validated,ACM version of record,yes,Two authors article number pages DOI confirmed,standard_or_seed_empirical,context_scope,taxonomy,Supports context scope assessment; exact manuscript sentence to be frozen after Gate 4,AR evidence,candidate,ACCOUNTED_GATE1
16,Mohanty2025PupilDilationAR,S0016,validated,SAGE version of record,yes,Seven authors volume issue pages DOI confirmed,standard_or_seed_empirical,context_scope,taxonomy,Supports context scope assessment; exact manuscript sentence to be frozen after Gate 4,AR evidence,candidate,ACCOUNTED_GATE1
17,Kagami2026TagAlong,PD0017,validated,PubMed authoritative journal metadata + IEEE VR program,yes,Authors/volume/issue/pages/DOI confirmed,primary_empirical,context_scope,taxonomy,Supports context scope assessment; exact manuscript sentence to be frozen after Gate 4,AR evidence,candidate,ACCOUNTED_GATE1
18,Kanellopoulos2026Diagnosing,PD0018,validated,ACM Digital Library article metadata,yes,Authors/volume/issue/article/pages/DOI confirmed,primary_empirical,context_scope,taxonomy,Supports context scope assessment; exact manuscript sentence to be frozen after Gate 4,AR evidence,candidate,ACCOUNTED_GATE1
19,Ahmetovic2025Artwork,PD0019,validated,ACM MobileHCI accepted list + publisher-format manuscript/institutional repository,yes,Authors/volume/issue/article/pages/DOI confirmed,primary_empirical,context_scope,taxonomy,Supports context scope assessment; exact manuscript sentence to be frozen after Gate 4,AR evidence,candidate,ACCOUNTED_GATE1
20,Chen2026UbiGrip,PD0020,validated,IEEE Xplore + official IEEE VR 2026 program,yes,12 authors/venue/DOI confirmed; proceedings pages cross-checked,primary_empirical,context_scope,taxonomy,Supports context scope assessment; exact manuscript sentence to be frozen after Gate 4,AR evidence,candidate,ACCOUNTED_GATE1
21,Cox2025ClinicalAR,PD0023,validated,IEEE Xplore + bibliographic cross-check,yes,Authors/pages/venue/DOI confirmed,primary_empirical,context_scope,taxonomy,Supports context scope assessment; exact manuscript sentence to be frozen after Gate 4,AR evidence,candidate,ACCOUNTED_GATE1
22,Mathew2026ARRAE,PD0024,validated,ACM Digital Library,yes,Authors/pages/proceedings/DOI confirmed,primary_empirical,context_scope,taxonomy,Supports context scope assessment; exact manuscript sentence to be frozen after Gate 4,AR evidence,candidate,ACCOUNTED_GATE1
23,Pantforder2024DigitalTwinsMR,PD0025,validated,IEEE Xplore + TUM institutional publication record,yes,Authors/pages/venue/DOI confirmed,primary_empirical,context_scope,taxonomy,Supports context scope assessment; exact manuscript sentence to be frozen after Gate 4,AR evidence,candidate,ACCOUNTED_GATE1
24,Sahoo2026LaserProjection,PD0026,validated,PubMed + ScienceDirect,yes,Authors/volume/article/DOI confirmed,primary_empirical,context_scope,taxonomy,Supports context scope assessment; exact manuscript sentence to be frozen after Gate 4,AR evidence,candidate,ACCOUNTED_GATE1
25,Sheng2024SLAMReview,R020,validated,ScienceDirect,yes,Review evidence; authors/volume/article/DOI confirmed,review_or_methodology,prior_art_and_scope,systematic_review_or_evidence_map,Supports prior art and scope assessment; exact manuscript sentence to be frozen after Gate 4,Related work,candidate,ACCOUNTED_GATE1
26,Zhang2026PoseEstimationReview,R021,validated,publisher article page,yes,Review evidence; authors/volume/issue/article/DOI confirmed,review_or_methodology,prior_art_and_scope,systematic_review_or_evidence_map,Supports prior art and scope assessment; exact manuscript sentence to be frozen after Gate 4,Related work,candidate,ACCOUNTED_GATE1
27,Azuma1997Survey,R022,validated,MIT Press Presence publisher record,yes,Foundational AR survey; volume/issue/pages/DOI confirmed,review_or_methodology,context_scope,taxonomy,Supports context scope assessment; exact manuscript sentence to be frozen after Gate 4,AR evidence,candidate,ACCOUNTED_GATE1
28,Azuma2001Advances,R023,validated,IEEE Xplore + Crossref-derived bibliographic record,yes,Six authors/volume/issue/pages/DOI confirmed,review_or_methodology,context_scope,taxonomy,Supports context scope assessment; exact manuscript sentence to be frozen after Gate 4,AR evidence,candidate,ACCOUNTED_GATE1
29,Billinghurst2015Survey,R024,validated,publisher + University of Canterbury repository,yes,Authors/volume/issue/pages/DOI confirmed,review_or_methodology,context_scope,taxonomy,Supports context scope assessment; exact manuscript sentence to be frozen after Gate 4,AR evidence,candidate,ACCOUNTED_GATE1
30,Sereno2022Collaborative,R025,validated,PubMed + IEEE TVCG bibliographic metadata,yes,Authors/volume/issue/pages/DOI confirmed,review_or_methodology,context_scope,taxonomy,Supports context scope assessment; exact manuscript sentence to be frozen after Gate 4,AR evidence,candidate,ACCOUNTED_GATE1
31,Macedo2023Occlusion,R026,validated,PubMed + IEEE TVCG bibliographic metadata,yes,Authors/volume/issue/pages/DOI confirmed,review_or_methodology,context_scope,taxonomy,Supports context scope assessment; exact manuscript sentence to be frozen after Gate 4,AR evidence,candidate,ACCOUNTED_GATE1
32,Gsaxner2023HoloLensMedicine,R027,validated,PubMed + ScienceDirect,yes,Seven authors/volume/article/DOI confirmed,review_or_methodology,context_scope,taxonomy,Supports context scope assessment; exact manuscript sentence to be frozen after Gate 4,AR evidence,candidate,ACCOUNTED_GATE1
33,Birlo2022OSTSurgery,R028,validated,PubMed/PMC + ScienceDirect + UCL repository,yes,Four authors/volume/article/DOI confirmed,review_or_methodology,context_scope,taxonomy,Supports context scope assessment; exact manuscript sentence to be frozen after Gate 4,AR evidence,candidate,ACCOUNTED_GATE1
34,Klein2007PTAM,M005,validated,Oxford PTAM project + DBLP/IEEE DOI metadata,yes,Authors/ISMAR/pages/DOI confirmed,technical_method,context_scope,taxonomy,Supports context scope assessment; exact manuscript sentence to be frozen after Gate 4,AR evidence,candidate,ACCOUNTED_GATE1
35,MurArtal2015ORBSLAM,M006,validated,IEEE Xplore + official ORB-SLAM repository citation,yes,Authors/volume/issue/pages/DOI confirmed,technical_method,context_scope,taxonomy,Supports context scope assessment; exact manuscript sentence to be frozen after Gate 4,AR evidence,candidate,ACCOUNTED_GATE1
36,MurArtal2017ORBSLAM2,M007,validated,IEEE Xplore + official ORB-SLAM2 repository citation,yes,Authors/volume/issue/pages/DOI confirmed,technical_method,context_scope,taxonomy,Supports context scope assessment; exact manuscript sentence to be frozen after Gate 4,AR evidence,candidate,ACCOUNTED_GATE1
37,Qin2018VINSMono,M002,validated,IEEE Xplore + bibliographic cross-check,yes,Authors/volume/issue/pages/DOI confirmed,technical_method,context_scope,taxonomy,Supports context scope assessment; exact manuscript sentence to be frozen after Gate 4,AR evidence,candidate,ACCOUNTED_GATE1
38,Campos2021ORBSLAM3,M001,validated,IEEE Xplore + author publication record,yes,Authors/volume/issue/pages/DOI confirmed,technical_method,context_scope,taxonomy,Supports context scope assessment; exact manuscript sentence to be frozen after Gate 4,AR evidence,candidate,ACCOUNTED_GATE1
39,Sarlin2022LaMAR,M004,validated,ECVA + ETH Research Collection + DBLP,yes,Authors/ECCV/LNCS volume/pages/DOI confirmed,technical_method,context_scope,taxonomy,Supports context scope assessment; exact manuscript sentence to be frozen after Gate 4,AR evidence,candidate,ACCOUNTED_GATE1
40,Chegini2023RegistrationValidation,R029,validated,PubMed,yes,Authors/journal/volume/issue/pages/DOI confirmed,review_or_methodology,context_scope,taxonomy,Supports context scope assessment; exact manuscript sentence to be frozen after Gate 4,AR evidence,candidate,ACCOUNTED_GATE1
41,Kovoor2021SurgicalEducation,R030,validated,PubMed,yes,Authors/journal/volume/issue/pages/DOI confirmed,review_or_methodology,context_scope,taxonomy,Supports context scope assessment; exact manuscript sentence to be frozen after Gate 4,AR evidence,candidate,ACCOUNTED_GATE1
42,Barsom2016MedicalTraining,R031,validated,Springer Nature + PMC,yes,Authors/journal/volume/pages/DOI confirmed,review_or_methodology,context_scope,taxonomy,Supports context scope assessment; exact manuscript sentence to be frozen after Gate 4,AR evidence,candidate,ACCOUNTED_GATE1
43,Drouot2022IndustrialAssembly,PD0027,validated,PubMed + ScienceDirect,yes,Authors/volume/article/DOI confirmed,primary_empirical,context_scope,taxonomy,Supports context scope assessment; exact manuscript sentence to be frozen after Gate 4,AR evidence,candidate,ACCOUNTED_GATE1
44,Yang2019AssemblyCognitiveLoad,PD0028,validated,Frontiers + PMC,yes,Eight authors/volume/article/DOI confirmed,primary_empirical,context_scope,taxonomy,Supports context scope assessment; exact manuscript sentence to be frozen after Gate 4,AR evidence,candidate,ACCOUNTED_GATE1
45,Seeliger2023QualityInspection,PD0029,validated,ScienceDirect,yes,Authors/volume/article/DOI confirmed,primary_empirical,context_scope,taxonomy,Supports context scope assessment; exact manuscript sentence to be frozen after Gate 4,AR evidence,candidate,ACCOUNTED_GATE1
46,AticiUlusu2021CognitiveLoad,PD0030,validated,Taylor & Francis publisher page,yes,Authors/volume/issue/pages/DOI confirmed,primary_empirical,context_scope,taxonomy,Supports context scope assessment; exact manuscript sentence to be frozen after Gate 4,AR evidence,candidate,ACCOUNTED_GATE1
47,Marino2024AssemblyGuidance,PD0031,validated,University of Calabria repository + DOI metadata,yes,Authors/volume/article/DOI confirmed,primary_empirical,context_scope,taxonomy,Supports context scope assessment; exact manuscript sentence to be frozen after Gate 4,AR evidence,candidate,ACCOUNTED_GATE1
48,Kim2024MarkerlessSurgery,PD0032,validated,PubMed + ScienceDirect,yes,Six authors/volume/issue/pages/DOI confirmed,primary_empirical,context_scope,taxonomy,Supports context scope assessment; exact manuscript sentence to be frozen after Gate 4,AR evidence,candidate,ACCOUNTED_GATE1
49,Schneider2020LiverRegistration,PD0033,validated,PubMed + Springer Nature,yes,14 authors/volume/issue/pages/DOI confirmed,primary_empirical,context_scope,taxonomy,Supports context scope assessment; exact manuscript sentence to be frozen after Gate 4,AR evidence,candidate,ACCOUNTED_GATE1
50,Wang2005Occlusion,PD0034,validated,MIT Press Presence,yes,Authors/volume/issue/pages/DOI confirmed,primary_empirical,context_scope,taxonomy,Supports context scope assessment; exact manuscript sentence to be frozen after Gate 4,AR evidence,candidate,ACCOUNTED_GATE1
51,Tian2010Occlusion,PD0035,validated,MDPI + PubMed/PMC,yes,Authors/volume/issue/pages/DOI confirmed,primary_empirical,context_scope,taxonomy,Supports context scope assessment; exact manuscript sentence to be frozen after Gate 4,AR evidence,candidate,ACCOUNTED_GATE1
52,Li2022MonocularOcclusion,PD0036,validated,ScienceDirect,yes,Authors/volume/pages/DOI confirmed,primary_empirical,context_scope,taxonomy,Supports context scope assessment; exact manuscript sentence to be frozen after Gate 4,AR evidence,candidate,ACCOUNTED_GATE1
53,Fan2026DepthCueConflict,PD0037,validated,Springer Nature,yes,Authors/volume/article/DOI confirmed,primary_empirical,context_scope,taxonomy,Supports context scope assessment; exact manuscript sentence to be frozen after Gate 4,AR evidence,candidate,ACCOUNTED_GATE1
54,Denning2014Bystanders,PD0038,validated,ACM Digital Library + DBLP,yes,Authors/proceedings/pages/DOI confirmed,primary_empirical,context_scope,taxonomy,Supports context scope assessment; exact manuscript sentence to be frozen after Gate 4,AR evidence,candidate,ACCOUNTED_GATE1
55,OHagan2022EverydayPrivacy,PD0039,validated,ACM IMWUT + University of Glasgow repository,yes,Seven authors/volume/issue/article/DOI confirmed,primary_empirical,context_scope,taxonomy,Supports context scope assessment; exact manuscript sentence to be frozen after Gate 4,AR evidence,candidate,ACCOUNTED_GATE1
56,Corbett2023BystandAR,PD0040,validated,ACM MobiSys + Montclair institutional record,yes,Five authors/pages/DOI confirmed,primary_empirical,context_scope,taxonomy,Supports context scope assessment; exact manuscript sentence to be frozen after Gate 4,AR evidence,candidate,ACCOUNTED_GATE1
57,Hao2024DelayGuaranteed,PD0041,validated,ScienceDirect,yes,Three authors/article/DOI confirmed,primary_empirical,context_scope,taxonomy,Supports context scope assessment; exact manuscript sentence to be frozen after Gate 4,AR evidence,candidate,ACCOUNTED_GATE1
58,Na2024GenerativeAIEdge,PD0042,validated,MDPI Applied Sciences,yes,Authors/volume/issue/article/DOI confirmed,primary_empirical,context_scope,taxonomy,Supports context scope assessment; exact manuscript sentence to be frozen after Gate 4,AR evidence,candidate,ACCOUNTED_GATE1
59,Ahn2020EnergyEfficient,PD0043,validated,IEEE WCL + KAIST institutional record,yes,Four authors/volume/issue/pages/DOI confirmed,primary_empirical,context_scope,taxonomy,Supports context scope assessment; exact manuscript sentence to be frozen after Gate 4,AR evidence,candidate,ACCOUNTED_GATE1
60,Coughlan2017AR4VI,PD0044,validated,PubMed/PMC + IEEE proceedings metadata,yes,Authors/pages/DOI confirmed,primary_empirical,context_scope,taxonomy,Supports context scope assessment; exact manuscript sentence to be frozen after Gate 4,AR evidence,candidate,ACCOUNTED_GATE1
61,Huang2019SignReading,PD0045,validated,PLOS ONE + PubMed,yes,Six authors/volume/issue/article/DOI confirmed,primary_empirical,context_scope,taxonomy,Supports context scope assessment; exact manuscript sentence to be frozen after Gate 4,AR evidence,candidate,ACCOUNTED_GATE1
62,Gopalakrishnan2020VisualAcuity,PD0046,validated,PubMed/PMC,yes,Four authors/volume/issue/pages/DOI confirmed,primary_empirical,context_scope,taxonomy,Supports context scope assessment; exact manuscript sentence to be frozen after Gate 4,AR evidence,candidate,ACCOUNTED_GATE1
63,Lang2021ButtonLowVision,PD0047,validated,ACM Digital Library,yes,Authors/article/pages/DOI confirmed,primary_empirical,context_scope,taxonomy,Supports context scope assessment; exact manuscript sentence to be frozen after Gate 4,AR evidence,candidate,ACCOUNTED_GATE1
64,Salameh2026RemoteAssistance,PD0048,validated,Taylor & Francis + DBLP,yes,Three authors/volume/issue/pages/DOI confirmed,primary_empirical,context_scope,taxonomy,Supports context scope assessment; exact manuscript sentence to be frozen after Gate 4,AR evidence,candidate,ACCOUNTED_GATE1
65,Seeliger2024ContextAdaptive,PD0049,validated,Taylor & Francis + ETH Research Collection,yes,Three authors/volume/issue/pages/DOI confirmed,primary_empirical,context_scope,taxonomy,Supports context scope assessment; exact manuscript sentence to be frozen after Gate 4,AR evidence,candidate,ACCOUNTED_GATE1
66,Islam2026ARAuthentication,PD0050,validated,IEEE Access + University of West Florida repository,yes,Nine authors/volume/pages/DOI confirmed,primary_empirical,context_scope,taxonomy,Supports context scope assessment; exact manuscript sentence to be frozen after Gate 4,AR evidence,candidate,ACCOUNTED_GATE1
67,Ethiraj2026AuthenticationReview,R032,validated,Frontiers in Virtual Reality,yes,Two authors/volume/article/DOI confirmed; secondary review,review_or_methodology,prior_art_and_scope,systematic_review_or_evidence_map,Supports prior art and scope assessment; exact manuscript sentence to be frozen after Gate 4,Related work,candidate,ACCOUNTED_GATE1
68,Marques2023CollaborativeEvaluation,PD0051,validated,PubMed + IEEE CG&A,yes,Six authors/volume/issue/pages/DOI confirmed,primary_empirical,context_scope,taxonomy,Supports context scope assessment; exact manuscript sentence to be frozen after Gate 4,AR evidence,candidate,ACCOUNTED_GATE1
69,Yang2024SharedArtifact,PD0052,validated,Frontiers + DOAJ,yes,Seven authors/volume/article/DOI confirmed,primary_empirical,context_scope,taxonomy,Supports context scope assessment; exact manuscript sentence to be frozen after Gate 4,AR evidence,candidate,ACCOUNTED_GATE1
70,Blum2025CroCoDL,PD0053,validated,CVF Open Access,yes,Seven authors/CVPR/pages confirmed; no DOI asserted,primary_empirical,context_scope,taxonomy,Supports context scope assessment; exact manuscript sentence to be frozen after Gate 4,AR evidence,candidate,ACCOUNTED_GATE1
71,Rasch2026SharedGaze,PD0054,validated,ACM CHI,yes,Five authors/article/pages/DOI confirmed,primary_empirical,context_scope,taxonomy,Supports context scope assessment; exact manuscript sentence to be frozen after Gate 4,AR evidence,candidate,ACCOUNTED_GATE1
72,Shi2025CARINGAI,PD0055,validated,ACM CHI + Purdue author page,yes,Seven authors/article/pages/DOI confirmed,primary_empirical,context_scope,taxonomy,Supports context scope assessment; exact manuscript sentence to be frozen after Gate 4,AR evidence,candidate,ACCOUNTED_GATE1
73,Yang2025SocialMind,PD0056,validated,ACM IMWUT + author publication page,yes,Seven authors/volume/issue/pages/DOI confirmed,primary_empirical,context_scope,taxonomy,Supports context scope assessment; exact manuscript sentence to be frozen after Gate 4,AR evidence,candidate,ACCOUNTED_GATE1
74,Li2025Satori,PD0057,validated,ACM CHI + paper reference format,yes,Nine authors/article/pages/DOI confirmed,primary_empirical,context_scope,taxonomy,Supports context scope assessment; exact manuscript sentence to be frozen after Gate 4,AR evidence,candidate,ACCOUNTED_GATE1
75,Zhu2025AgentAR,PD0058,validated,Author publication page + ACM DOI,yes,Six authors/pages/DOI confirmed,primary_empirical,context_scope,taxonomy,Supports context scope assessment; exact manuscript sentence to be frozen after Gate 4,AR evidence,candidate,ACCOUNTED_GATE1
76,Aschenbrenner2019HumanFactors,PD0059,validated,Frontiers + PubMed + TU Delft,yes,Seven authors/volume/article/DOI confirmed,primary_empirical,context_scope,taxonomy,Supports context scope assessment; exact manuscript sentence to be frozen after Gate 4,AR evidence,candidate,ACCOUNTED_GATE1
77,Derby2022DeviceUsability,PD0060,validated,SAGE + Embry-Riddle repository,yes,Two authors/volume/issue/pages/DOI confirmed,primary_empirical,context_scope,taxonomy,Supports context scope assessment; exact manuscript sentence to be frozen after Gate 4,AR evidence,candidate,ACCOUNTED_GATE1
78,Leins2024GuidedAssembly,PD0061,validated,Springer Nature,yes,Three authors/volume/pages/DOI confirmed,primary_empirical,context_scope,taxonomy,Supports context scope assessment; exact manuscript sentence to be frozen after Gate 4,AR evidence,candidate,ACCOUNTED_GATE1
79,Gurerk2025ProductivityLearning,PD0062,validated,ScienceDirect + DOAJ,yes,Three authors/volume/article/DOI confirmed,primary_empirical,context_scope,taxonomy,Supports context scope assessment; exact manuscript sentence to be frozen after Gate 4,AR evidence,candidate,ACCOUNTED_GATE1
80,Elmqaddem2026Augmentiverse,R033,validated,iJET publisher,yes,Single author/volume/issue/DOI confirmed; standards/interoperability synthesis,review_or_methodology,evidence_object_context,standards,Supports evidence object context assessment; exact manuscript sentence to be frozen after Gate 4,Method / context,candidate,ACCOUNTED_GATE1
81,Pan2023AriaDigitalTwin,PD0063,validated,CVF ICCV Open Access + IEEE DOI metadata,yes,Nine authors/pages/DOI confirmed,primary_empirical,context_scope,taxonomy,Supports context scope assessment; exact manuscript sentence to be frozen after Gate 4,AR evidence,candidate,ACCOUNTED_GATE1
82,Zhu2023EgoObjects,PD0064,validated,CVF ICCV Open Access + DOI metadata,yes,Nine authors/pages/DOI confirmed,primary_empirical,context_scope,taxonomy,Supports context scope assessment; exact manuscript sentence to be frozen after Gate 4,AR evidence,candidate,ACCOUNTED_GATE1
83,Deng2026EgoHOIBench,PD0065,validated,Elsevier ScienceDirect,yes,Three authors/volume/article/DOI confirmed,primary_empirical,context_scope,taxonomy,Supports context scope assessment; exact manuscript sentence to be frozen after Gate 4,AR evidence,candidate,ACCOUNTED_GATE1
84,Xiu2026ContrAR,PD0066,validated,CVF CVPR Findings Open Access,yes,Four authors/pages confirmed; no DOI asserted,primary_empirical,context_scope,taxonomy,Supports context scope assessment; exact manuscript sentence to be frozen after Gate 4,AR evidence,candidate,ACCOUNTED_GATE1
85,Donley2021EasyCom,PD0067,validated,Official EasyCom repository + arXiv record,yes,Nine authors/arXiv identifier confirmed; dataset paper intentionally cited as preprint,primary_empirical,context_scope,taxonomy,Supports context scope assessment; exact manuscript sentence to be frozen after Gate 4,AR evidence,candidate,ACCOUNTED_GATE1
86,Aromaa2020Awareness,PD0068,validated,PubMed + ScienceDirect,yes,Six authors/volume/article/DOI confirmed,primary_empirical,context_scope,taxonomy,Supports context scope assessment; exact manuscript sentence to be frozen after Gate 4,AR evidence,candidate,ACCOUNTED_GATE1
87,Chaudhari2025SafetyHazards,PD0069,validated,ScienceDirect + institutional repository,yes,Seven authors/volume/article/DOI confirmed,primary_empirical,context_scope,taxonomy,Supports context scope assessment; exact manuscript sentence to be frozen after Gate 4,AR evidence,candidate,ACCOUNTED_GATE1
88,Cardenas2026DisplayClutterSafety,PD0070,validated,SAGE Human Factors,yes,Four authors/volume/issue/pages/DOI confirmed,primary_empirical,context_scope,taxonomy,Supports context scope assessment; exact manuscript sentence to be frozen after Gate 4,AR evidence,candidate,ACCOUNTED_GATE1
89,Li2026SpatialNeglectReview,R034,validated,PubMed/NLM,yes,Nine authors/volume/issue/pages/DOI confirmed; secondary evidence,review_or_methodology,context_scope,taxonomy,Supports context scope assessment; exact manuscript sentence to be frozen after Gate 4,AR evidence,candidate,ACCOUNTED_GATE1
90,ElAshry2026SurgicalTrainingReview,R035,validated,PubMed/NLM + JMIR,yes,Five authors/volume/article/DOI confirmed; secondary evidence,review_or_methodology,context_scope,taxonomy,Supports context scope assessment; exact manuscript sentence to be frozen after Gate 4,AR evidence,candidate,ACCOUNTED_GATE1
91,Man2026NavigationMetaAnalysis,R036,validated,PubMed/NLM,yes,Five authors/volume/issue/pages/DOI confirmed; secondary evidence,review_or_methodology,context_scope,taxonomy,Supports context scope assessment; exact manuscript sentence to be frozen after Gate 4,AR evidence,candidate,ACCOUNTED_GATE1
92,Kostakopoulos2026RoboticUrologyReview,R037,validated,PubMed/NLM + Springer,yes,Seven authors/volume/issue/DOI confirmed; secondary evidence,review_or_methodology,context_scope,taxonomy,Supports context scope assessment; exact manuscript sentence to be frozen after Gate 4,AR evidence,candidate,ACCOUNTED_GATE1
93,Xu2026DentalImplantMetaAnalysis,R038,validated,PubMed/NLM + Elsevier,yes,Four authors/article number/DOI confirmed; secondary evidence,review_or_methodology,context_scope,taxonomy,Supports context scope assessment; exact manuscript sentence to be frozen after Gate 4,AR evidence,candidate,ACCOUNTED_GATE1
94,Arefin2025Replication,R039,validated,IEEE ISMAR metadata + University of Glasgow repository,yes,Six authors/pages/DOI confirmed; replication scoping review,review_or_methodology,prior_art_and_scope,systematic_review_or_evidence_map,Supports prior art and scope assessment; exact manuscript sentence to be frozen after Gate 4,Related work,candidate,ACCOUNTED_GATE1
95,Liu2026CGEducationReview,R040,validated,Elsevier ScienceDirect + DBLP,yes,Four authors/volume/article/DOI confirmed; secondary review,review_or_methodology,prior_art_and_scope,systematic_review_or_evidence_map,Supports prior art and scope assessment; exact manuscript sentence to be frozen after Gate 4,Related work,candidate,ACCOUNTED_GATE1
96,Balado2026AsBuiltXR,R041,validated,Wiley version of record,yes,Five authors/volume/issue/article/DOI confirmed; secondary XR workflow review,review_or_methodology,prior_art_and_scope,systematic_review_or_evidence_map,Supports prior art and scope assessment; exact manuscript sentence to be frozen after Gate 4,Related work,candidate,ACCOUNTED_GATE1
97,Angra2025ARVRReview,R042,validated,Frontiers version of record,yes,Six authors/volume/article/DOI confirmed; broad bibliometric/systematic review,review_or_methodology,prior_art_and_scope,systematic_review_or_evidence_map,Supports prior art and scope assessment; exact manuscript sentence to be frozen after Gate 4,Related work,candidate,ACCOUNTED_GATE1
98,Hu2025XRRealityCheck,PD0071,validated,IEEE Xplore + Duke Scholars + official artifact repository,yes,Four authors/pages/DOI confirmed; peer-reviewed benchmark with public reproducibility artifacts,primary_empirical,prior_art_and_scope,systematic_review_or_evidence_map,Supports prior art and scope assessment; exact manuscript sentence to be frozen after Gate 4,Related work,candidate,ACCOUNTED_GATE1
99,Makamara2022XRStandards,R043,validated,IEEE Xplore + ITU proceedings + DBLP,yes,Two authors/pages/DOI confirmed; secondary standards survey,review_or_methodology,evidence_object_context,standards,Supports evidence object context assessment; exact manuscript sentence to be frozen after Gate 4,Method / context,candidate,ACCOUNTED_GATE1
100,IEEE2048_101_2023,S001,validated,IEEE Standards Association,yes,Active standard; approval/publication dates and scope confirmed; standards source not primary study,standard_or_seed_empirical,evidence_object_context,standards,Supports evidence object context assessment; exact manuscript sentence to be frozen after Gate 4,Method / context,candidate,ACCOUNTED_GATE1
101,Sahu2025EdgeEnergy,PD0072,validated,Scientific Reports + PubMed/PMC,yes,Seven authors/volume/article/DOI confirmed; mobile AR edge-energy primary study,primary_empirical,context_scope,taxonomy,Supports context scope assessment; exact manuscript sentence to be frozen after Gate 4,AR evidence,candidate,ACCOUNTED_GATE1
102,Chen2024ConstructionSafetyVLM,PD0073,validated,Elsevier Automation in Construction,yes,Seven authors/volume/article/DOI confirmed; AR+DL+VLM construction safety system,primary_empirical,context_scope,taxonomy,Supports context scope assessment; exact manuscript sentence to be frozen after Gate 4,AR evidence,candidate,ACCOUNTED_GATE1
103,Seo2021CachePower,PD0074,validated,IEEE WCL + KAIST repository,yes,Six authors/volume/issue/pages/DOI confirmed; cache/power MAR optimization,primary_empirical,context_scope,taxonomy,Supports context scope assessment; exact manuscript sentence to be frozen after Gate 4,AR evidence,candidate,ACCOUNTED_GATE1
104,He2021DRLOffloading,PD0075,validated,IEEE Xplore,yes,Five authors/volume/issue/pages/DOI confirmed; DRL offloading/resource allocation,primary_empirical,context_scope,taxonomy,Supports context scope assessment; exact manuscript sentence to be frozen after Gate 4,AR evidence,candidate,ACCOUNTED_GATE1
105,Scargill2024EnvironmentTexture,PD0076,validated,ACM DL + DBLP + Duke Scholars,yes,Five authors/volume/issue/article/pages/DOI confirmed; persistent markerless AR environment optimization,primary_empirical,context_scope,taxonomy,Supports context scope assessment; exact manuscript sentence to be frozen after Gate 4,AR evidence,candidate,ACCOUNTED_GATE1
106,Masood2020IndustrialAdoption,PD0077,validated,Elsevier + Strathclyde/Cambridge repositories,yes,Two authors/volume/article/DOI confirmed; 22 industrial/university experiments,primary_empirical,task_device_context,taxonomy_or_meta_analysis,Supports task device context assessment; exact manuscript sentence to be frozen after Gate 4,Industrial evidence,candidate,ACCOUNTED_GATE1
107,Loizeau2021FieldEvaluation,PD0078,validated,Frontiers version of record + DOAJ,yes,Four authors/volume/article/DOI confirmed; aeronautical maintenance field-evaluation methodology,primary_empirical,task_device_context,taxonomy_or_meta_analysis,Supports task device context assessment; exact manuscript sentence to be frozen after Gate 4,Industrial evidence,candidate,ACCOUNTED_GATE1
108,Zigart2022IndustrialSAR,PD0079,validated,IEEE Xplore + TU Wien repository,yes,Two authors/pages/DOI confirmed; industrial SAR field study,primary_empirical,task_device_context,taxonomy_or_meta_analysis,Supports task device context assessment; exact manuscript sentence to be frozen after Gate 4,Industrial evidence,candidate,ACCOUNTED_GATE1
109,Hughes2025InteractionUX,R044,validated,Frontiers version of record,yes,Two authors/volume/article/DOI confirmed; 86-study interaction/UX systematic review,review_or_methodology,prior_art_and_scope,systematic_review_or_evidence_map,Supports prior art and scope assessment; exact manuscript sentence to be frozen after Gate 4,Related work,candidate,ACCOUNTED_GATE1
110,Suzuki2024PhysiologicalCognitiveLoad,R045,validated,Wiley version of record,yes,Three authors/volume/issue/pages/DOI confirmed; physiological cognitive-load systematic review,review_or_methodology,prior_art_and_scope,systematic_review_or_evidence_map,Supports prior art and scope assessment; exact manuscript sentence to be frozen after Gate 4,Related work,candidate,ACCOUNTED_GATE1
111,Buchner2021CognitiveLoadMap,R046,validated,Elsevier + University repository,yes,Three authors/volume/article/DOI confirmed; 64-study cognitive-load systematic map,review_or_methodology,claim_scope_condition_split,meta_analysis_or_context_stratification,Supports claim scope condition split assessment; exact manuscript sentence to be frozen after Gate 4,Published-evidence validation,candidate,ACCOUNTED_GATE1
112,Lim2019UsabilityMeasures,R047,validated,MDPI version of record + EBSCO metadata,yes,Five authors/volume/issue/article/DOI confirmed; 72-study MAR usability-measure review,review_or_methodology,prior_art_and_scope,systematic_review_or_evidence_map,Supports prior art and scope assessment; exact manuscript sentence to be frozen after Gate 4,Related work,candidate,ACCOUNTED_GATE1
113,Zhou2008ISMARTrends,R048,validated,IEEE Xplore + DBLP + University of Canterbury,yes,Three authors/pages/DOI confirmed; historical ISMAR tracking-interaction-display review,review_or_methodology,prior_art_and_scope,systematic_review_or_evidence_map,Supports prior art and scope assessment; exact manuscript sentence to be frozen after Gate 4,Related work,candidate,ACCOUNTED_GATE1
114,Hertel2021InteractionTaxonomy,R049,validated,IEEE ISMAR + University of Hamburg + DBLP,yes,Six authors/pages/DOI confirmed; 44-paper task-modality taxonomy,review_or_methodology,context_scope,taxonomy,Supports context scope assessment; exact manuscript sentence to be frozen after Gate 4,AR evidence,candidate,ACCOUNTED_GATE1
115,Bai2025GestureSpeech,R050,validated,Springer + DBLP,yes,Three authors/volume/issue/pages/DOI confirmed; 16-study gesture-speech multimodal review,review_or_methodology,prior_art_and_scope,systematic_review_or_evidence_map,Supports prior art and scope assessment; exact manuscript sentence to be frozen after Gate 4,Related work,candidate,ACCOUNTED_GATE1
116,Quinn2024OutOfView,R051,validated,IEEE Xplore + DBLP,yes,Two authors/pages/DOI confirmed; out-of-view attention-guidance systematic review,review_or_methodology,prior_art_and_scope,systematic_review_or_evidence_map,Supports prior art and scope assessment; exact manuscript sentence to be frozen after Gate 4,Related work,candidate,ACCOUNTED_GATE1
117,Wang2021RemoteCollaborationReview,R052,validated,Elsevier + DBLP,yes,Nine authors/volume/article/DOI confirmed; 215-paper AR/MR remote-collaboration review,review_or_methodology,prior_art_and_scope,systematic_review_or_evidence_map,Supports prior art and scope assessment; exact manuscript sentence to be frozen after Gate 4,Related work,candidate,ACCOUNTED_GATE1
118,Ghamandi2023CollaborativeXR,R053,validated,IEEE ISMAR + UCF manuscript + bibliographic index,yes,Seven authors/pages/DOI confirmed; 148-paper collaborative XR task taxonomy,review_or_methodology,context_scope,taxonomy,Supports context scope assessment; exact manuscript sentence to be frozen after Gate 4,AR evidence,candidate,ACCOUNTED_GATE1
119,Vanukuru2023DualStream,PD0080,validated,IEEE Xplore + DBLP,yes,Seven authors/pages/DOI confirmed; synchronous mobile AR spatial communication,primary_empirical,context_scope,taxonomy,Supports context scope assessment; exact manuscript sentence to be frozen after Gate 4,AR evidence,candidate,ACCOUNTED_GATE1
120,VidalBalea2025AnchorSharing,PD0081,validated,Applied Sciences version of record + DOAJ,yes,Four authors/volume/issue/article/DOI confirmed; multi-user multi-platform spatial-anchor synchronization,primary_empirical,context_scope,taxonomy,Supports context scope assessment; exact manuscript sentence to be frozen after Gate 4,AR evidence,candidate,ACCOUNTED_GATE1
121,Pur2023LowVisionReview,R054,validated,PubMed + Springer,yes,Three authors/volume/issue/pages/DOI confirmed; low-vision AR/VR systematic review,review_or_methodology,prior_art_and_scope,systematic_review_or_evidence_map,Supports prior art and scope assessment; exact manuscript sentence to be frozen after Gate 4,Related work,candidate,ACCOUNTED_GATE1
122,Berenguer2020AutismAR,R055,validated,PubMed/PMC + MDPI,yes,Five authors/volume/issue/article/DOI confirmed; AR autism systematic review,review_or_methodology,prior_art_and_scope,systematic_review_or_evidence_map,Supports prior art and scope assessment; exact manuscript sentence to be frozen after Gate 4,Related work,candidate,ACCOUNTED_GATE1
123,Baragash2022OlderAdultsXR,R056,validated,PMC + SAGE,yes,Three authors/volume/article/DOI confirmed; 57-study older-adult VR/AR mapping review,review_or_methodology,prior_art_and_scope,systematic_review_or_evidence_map,Supports prior art and scope assessment; exact manuscript sentence to be frozen after Gate 4,Related work,candidate,ACCOUNTED_GATE1
124,Ceyssens2025OlderAdultsAR,R057,validated,Wiley version of record,yes,Three authors/volume/issue/article/DOI confirmed; older-adult AR systematic review,review_or_methodology,prior_art_and_scope,systematic_review_or_evidence_map,Supports prior art and scope assessment; exact manuscript sentence to be frozen after Gate 4,Related work,candidate,ACCOUNTED_GATE1
125,DeGuzman2019SecurityPrivacy,R058,validated,ACM CSUR + DOI metadata,yes,Three authors/volume/issue/pages/DOI confirmed; mixed-reality security/privacy survey,review_or_methodology,domain_transfer,taxonomy,Supports domain transfer assessment; exact manuscript sentence to be frozen after Gate 4,Security/privacy evidence,candidate,ACCOUNTED_GATE1
126,Hallal2024AuthenticationXR,R059,validated,Applied System Innovation version of record,yes,Three authors/volume/issue/article/DOI confirmed; 197-publication XR authentication survey,review_or_methodology,domain_transfer,taxonomy,Supports domain transfer assessment; exact manuscript sentence to be frozen after Gate 4,Security/privacy evidence,candidate,ACCOUNTED_GATE1
127,Alzahrani2022ARCybersecurity,R060,validated,Sensors + PubMed/PMC,yes,Two authors/volume/issue/article/DOI confirmed; AR/cybersecurity smart-cities systematic review,review_or_methodology,prior_art_and_scope,systematic_review_or_evidence_map,Supports prior art and scope assessment; exact manuscript sentence to be frozen after Gate 4,Related work,candidate,ACCOUNTED_GATE1
128,Stephenson2022AuthenticationSoK,R061,validated,IEEE S&P + official program + author manuscript,yes,Six authors/pages/DOI confirmed; AR/VR authentication systematization,review_or_methodology,domain_transfer,taxonomy,Supports domain transfer assessment; exact manuscript sentence to be frozen after Gate 4,Security/privacy evidence,candidate,ACCOUNTED_GATE1
129,Gong2024ARSafetyTraining,R062,validated,Safety Science + DOI metadata,yes,Five authors/volume/article/DOI confirmed; 37-paper AR safety-training SLR/meta-analysis,review_or_methodology,heterogeneity_and_scope,meta_analysis,Supports heterogeneity and scope assessment; exact manuscript sentence to be frozen after Gate 4,Prior art / quantitative synthesis,candidate,ACCOUNTED_GATE1
130,Dodoo2025XRWorkerSafety,R063,validated,Safety Science version of record,yes,Four authors/volume/article/DOI confirmed; 41-study high-risk-industry XR safety review,review_or_methodology,prior_art_and_scope,systematic_review_or_evidence_map,Supports prior art and scope assessment; exact manuscript sentence to be frozen after Gate 4,Related work,candidate,ACCOUNTED_GATE1
131,Ma2026CognitionAwareSafety,R064,validated,Safety Science + TRID,yes,Four authors/volume/article/DOI confirmed; 128-study cognition-aware construction AR safety review,review_or_methodology,prior_art_and_scope,systematic_review_or_evidence_map,Supports prior art and scope assessment; exact manuscript sentence to be frozen after Gate 4,Related work,candidate,ACCOUNTED_GATE1
132,GonnermannMuller2025ARLearningDesign,R065,validated,Wiley + University of Twente,yes,Two authors/volume/issue/article/DOI confirmed; empirical cognitive-load design review,review_or_methodology,prior_art_and_scope,systematic_review_or_evidence_map,Supports prior art and scope assessment; exact manuscript sentence to be frozen after Gate 4,Related work,candidate,ACCOUNTED_GATE1
133,Merino2020MRAREvaluation,R066,validated,IEEE ISMAR + TU Graz metadata,yes,Six authors/pages/DOI confirmed; 458-paper MR/AR evaluation SLR,review_or_methodology,context_scope,taxonomy,Supports context scope assessment; exact manuscript sentence to be frozen after Gate 4,AR evidence,candidate,ACCOUNTED_GATE1
134,Hepperle2021Reproducibility,R067,validated,IEEE ISMAR-Adjunct + University of Vienna metadata,yes,Three authors/pages/DOI confirmed; VR reproducibility/replicability methods paper,review_or_methodology,provenance_and_stability,reproducibility_framework,Supports provenance and stability assessment; exact manuscript sentence to be frozen after Gate 4,Reproducibility,candidate,ACCOUNTED_GATE1
135,Vlake2024RATEXR,R068,validated,JMIR + PubMed + EQUATOR,yes,Full author/group metadata/volume/article/DOI confirmed; XR reporting guideline,review_or_methodology,context_scope,taxonomy,Supports context scope assessment; exact manuscript sentence to be frozen after Gate 4,AR evidence,candidate,ACCOUNTED_GATE1
136,Banzi2026ReproducibilityConsensus,R069,validated,PLOS Biology + PMC,yes,Six named authors plus study group/volume/issue/article/DOI confirmed; multidisciplinary reproducibility consensus,review_or_methodology,provenance_and_stability,reproducibility_framework,Supports provenance and stability assessment; exact manuscript sentence to be frozen after Gate 4,Reproducibility,candidate,ACCOUNTED_GATE1
137,Guo2022EnvironmentHMD,R070,validated,IEEE TIM + NCKU institutional metadata,yes,Four authors/volume/article/pages/DOI confirmed; 87-paper HMD environment survey,review_or_methodology,context_scope,taxonomy,Supports context scope assessment; exact manuscript sentence to be frozen after Gate 4,AR evidence,candidate,ACCOUNTED_GATE1
138,Dey2018UsabilityReview,R071,validated,Frontiers + PMC,yes,Four authors/volume/article/DOI confirmed; 291 papers/369 AR user studies,review_or_methodology,context_scope,taxonomy,Supports context scope assessment; exact manuscript sentence to be frozen after Gate 4,AR evidence,candidate,ACCOUNTED_GATE1
139,SadeghiNiaraki2020MarkerlessSurvey,R072,validated,Sensors + PubMed/PMC,yes,Two authors/volume/issue/article/DOI confirmed; markerless tracking/registration survey,review_or_methodology,context_scope,taxonomy,Supports context scope assessment; exact manuscript sentence to be frozen after Gate 4,AR evidence,candidate,ACCOUNTED_GATE1
140,Schubert2018TUMVI,R073,validated,IEEE IROS + TUM institutional metadata,yes,Six authors/pages/DOI confirmed; public visual-inertial benchmark,review_or_methodology,context_scope,taxonomy,Supports context scope assessment; exact manuscript sentence to be frozen after Gate 4,AR evidence,candidate,ACCOUNTED_GATE1
141,Burri2016EuRoC,R074,validated,IJRR/SAGE + ETH dataset metadata,yes,Eight authors/volume/issue/pages/DOI confirmed; visual-inertial dataset benchmark,review_or_methodology,context_scope,taxonomy,Supports context scope assessment; exact manuscript sentence to be frozen after Gate 4,AR evidence,candidate,ACCOUNTED_GATE1
142,Bassyouni2021AIRobotics,R075,validated,Frontiers + PubMed/PMC,yes,Two authors/volume/article/DOI confirmed; 29-paper AR+AI robotics systematic review,review_or_methodology,prior_art_and_scope,systematic_review_or_evidence_map,Supports prior art and scope assessment; exact manuscript sentence to be frozen after Gate 4,Related work,candidate,ACCOUNTED_GATE1
143,Wu2026ConversationalAR,R076,validated,ACM TiiS version of record,yes,Five authors/accepted-online date/DOI confirmed; 44-study conversational-agent AR systematic review,review_or_methodology,prior_art_and_scope,systematic_review_or_evidence_map,Supports prior art and scope assessment; exact manuscript sentence to be frozen after Gate 4,Related work,candidate,ACCOUNTED_GATE1
144,Mustapha2026AugmentedIntelligence,R077,validated,Atlantis Press version of record,yes,Two authors/proceedings/pages/DOI confirmed; 30-paper AR+AI systematic review,review_or_methodology,prior_art_and_scope,systematic_review_or_evidence_map,Supports prior art and scope assessment; exact manuscript sentence to be frozen after Gate 4,Related work,candidate,ACCOUNTED_GATE1
145,Ramtohul2025AdaptiveMultimodal,R078,validated,Array/ScienceDirect + DOAJ,yes,Two authors/volume/article/DOI confirmed; 15-study adaptive multimodal MAR review,review_or_methodology,prior_art_and_scope,systematic_review_or_evidence_map,Supports prior art and scope assessment; exact manuscript sentence to be frozen after Gate 4,Related work,candidate,ACCOUNTED_GATE1
146,Wang2026ImmersiveAI,R079,validated,Computational Visual Media/SciOpen,yes,Five authors/volume/issue/pages/DOI confirmed; 43-study immersive analytics+AI review,review_or_methodology,prior_art_and_scope,systematic_review_or_evidence_map,Supports prior art and scope assessment; exact manuscript sentence to be frozen after Gate 4,Related work,candidate,ACCOUNTED_GATE1
147,Yin2023ARDigitalTwin,R080,validated,Robotics and Computer-Integrated Manufacturing version of record,yes,Four authors/volume/article/DOI confirmed; AR-assisted DT lifecycle survey,review_or_methodology,context_scope,taxonomy,Supports context scope assessment; exact manuscript sentence to be frozen after Gate 4,AR evidence,candidate,ACCOUNTED_GATE1
148,Sthapit2026DTXR,R081,validated,Buildings version of record,yes,Two authors/volume/issue/article/DOI confirmed; 52-study DT+XR construction SLR,review_or_methodology,context_scope,taxonomy,Supports context scope assessment; exact manuscript sentence to be frozen after Gate 4,AR evidence,candidate,ACCOUNTED_GATE1
149,Kautsar2026Bidirectional,R082,validated,Springer IJAMT + UMPSA repository,yes,Four authors/volume/pages/DOI confirmed; AR/MR-DT bidirectional synchronization SLR,review_or_methodology,context_scope,taxonomy,Supports context scope assessment; exact manuscript sentence to be frozen after Gate 4,AR evidence,candidate,ACCOUNTED_GATE1
150,Qiu2019DigitalAssembly,R083,validated,Virtual Reality & Intelligent Hardware/ScienceDirect,yes,Five authors/volume/issue/pages/DOI confirmed; AR+DT digital assembly review,review_or_methodology,prior_art_and_scope,systematic_review_or_evidence_map,Supports prior art and scope assessment; exact manuscript sentence to be frozen after Gate 4,Related work,candidate,ACCOUNTED_GATE1
151,Errandonea2020DTMaintenance,R084,validated,Computers in Industry version of record,yes,Three authors/volume/article/DOI confirmed; DT maintenance review with 167 collected results,review_or_methodology,prior_art_and_scope,systematic_review_or_evidence_map,Supports prior art and scope assessment; exact manuscript sentence to be frozen after Gate 4,Related work,candidate,ACCOUNTED_GATE1
152,Garzon2019LearningGains,R085,validated,Educational Research Review/ScienceDirect,yes,Two authors/volume/pages/DOI confirmed; 64-paper quantitative meta-analysis,review_or_methodology,heterogeneity_and_scope,meta_analysis,Supports heterogeneity and scope assessment; exact manuscript sentence to be frozen after Gate 4,Prior art / quantitative synthesis,candidate,ACCOUNTED_GATE1
153,Garzon2020Pedagogy,R086,validated,Educational Research Review/ScienceDirect,yes,Five authors/volume/article/DOI confirmed; 41-study pedagogy meta-analysis,review_or_methodology,heterogeneity_and_scope,meta_analysis,Supports heterogeneity and scope assessment; exact manuscript sentence to be frozen after Gate 4,Prior art / quantitative synthesis,candidate,ACCOUNTED_GATE1
154,Zhang2022K12AR,R087,validated,Sustainability version of record,yes,Five authors/volume/issue/article/DOI confirmed; 129-article K-12 review/meta-analysis,review_or_methodology,heterogeneity_and_scope,meta_analysis,Supports heterogeneity and scope assessment; exact manuscript sentence to be frozen after Gate 4,Prior art / quantitative synthesis,candidate,ACCOUNTED_GATE1
155,Zhu2026CognitiveLoad,R088,validated,Smart Learning Environments/Springer + DBLP,yes,Four authors/volume/article/DOI confirmed; 27-study cognitive-load meta-analysis,review_or_methodology,heterogeneity_and_scope,meta_analysis,Supports heterogeneity and scope assessment; exact manuscript sentence to be frozen after Gate 4,Prior art / quantitative synthesis,candidate,ACCOUNTED_GATE1
156,Huang2025MixedRealityEducation,R089,validated,Computers & Education/ScienceDirect + DBLP,yes,Three authors/volume/article/DOI confirmed; 124-paper review with 32-study meta-analysis,review_or_methodology,heterogeneity_and_scope,meta_analysis,Supports heterogeneity and scope assessment; exact manuscript sentence to be frozen after Gate 4,Prior art / quantitative synthesis,candidate,ACCOUNTED_GATE1
157,Nicolai2026NavigatedSurgery,R090,validated,Mayo Clinic Proceedings Digital Health + PubMed + UMC Utrecht,yes,Ten authors/volume/issue/article/DOI confirmed; 61 patient-only clinical navigation studies,review_or_methodology,context_scope,taxonomy,Supports context scope assessment; exact manuscript sentence to be frozen after Gate 4,AR evidence,candidate,ACCOUNTED_GATE1
158,Xiong2025LaparoscopicTraining,R091,validated,Surgical Endoscopy + PubMed/PMC,yes,Five authors/volume/issue/pages/DOI confirmed; 12 studies/434 participants meta-analysis,review_or_methodology,heterogeneity_and_scope,meta_analysis,Supports heterogeneity and scope assessment; exact manuscript sentence to be frozen after Gate 4,Prior art / quantitative synthesis,candidate,ACCOUNTED_GATE1
159,Yoon2018Surgeon,R092,validated,Wiley version of record,yes,Ten authors/volume/issue/article/DOI confirmed; 74 surgical HUD articles,review_or_methodology,population_task_transfer,systematic_review_or_meta_analysis,Supports population task transfer assessment; exact manuscript sentence to be frozen after Gate 4,Medical evidence,candidate,ACCOUNTED_GATE1
160,Bollen2022IntraoperativeAR,R093,validated,PubMed + Wiley,yes,Four authors/volume/issue/article/DOI confirmed; intraoperative AR/MR outcomes review,review_or_methodology,prior_art_and_scope,systematic_review_or_evidence_map,Supports prior art and scope assessment; exact manuscript sentence to be frozen after Gate 4,Related work,candidate,ACCOUNTED_GATE1
161,Williams2020SurgicalTraining,R094,validated,PubMed + Postgraduate Medical Journal,yes,Four authors/volume/issue/pages/DOI confirmed; surgical-training review,review_or_methodology,prior_art_and_scope,systematic_review_or_evidence_map,Supports prior art and scope assessment; exact manuscript sentence to be frozen after Gate 4,Related work,candidate,ACCOUNTED_GATE1
162,Suresh2023SurgicalTraining,R095,validated,PubMed/PMC + Surgical Innovation,yes,Five authors/volume/issue/pages/DOI confirmed; surgical-training systematic review,review_or_methodology,prior_art_and_scope,systematic_review_or_evidence_map,Supports prior art and scope assessment; exact manuscript sentence to be frozen after Gate 4,Related work,candidate,ACCOUNTED_GATE1
163,Palmarini2018Maintenance,R096,validated,RCIM/ScienceDirect + City Research Online,yes,Four authors/volume/pages/DOI confirmed; 30-primary-study maintenance SLR,review_or_methodology,task_device_context,taxonomy_or_meta_analysis,Supports task device context assessment; exact manuscript sentence to be frozen after Gate 4,Industrial evidence,candidate,ACCOUNTED_GATE1
164,Gattullo2022VisualAssets,R097,validated,IEEE TVCG + PubMed,yes,Five authors/volume/issue/pages/DOI confirmed; industrial visual-assets systematic review,review_or_methodology,prior_art_and_scope,systematic_review_or_evidence_map,Supports prior art and scope assessment; exact manuscript sentence to be frozen after Gate 4,Related work,candidate,ACCOUNTED_GATE1
165,Wang2016Assembly,R098,validated,Advances in Manufacturing/Springer,yes,Three authors/volume/issue/pages/DOI confirmed; comprehensive AR assembly survey,review_or_methodology,task_device_context,taxonomy_or_meta_analysis,Supports task device context assessment; exact manuscript sentence to be frozen after Gate 4,Industrial evidence,candidate,ACCOUNTED_GATE1
166,Baroroh2021SmartManufacturing,R099,validated,Journal of Manufacturing Systems/ScienceDirect,yes,Three authors/volume/pages/DOI confirmed; human-computational-intelligence manufacturing SLR,review_or_methodology,task_device_context,taxonomy_or_meta_analysis,Supports task device context assessment; exact manuscript sentence to be frozen after Gate 4,Industrial evidence,candidate,ACCOUNTED_GATE1
167,Ho2022QualityControl,R100,validated,Applied Sciences version of record,yes,Four authors/volume/issue/article/DOI confirmed; AR manufacturing quality-control SLR,review_or_methodology,task_device_context,taxonomy_or_meta_analysis,Supports task device context assessment; exact manuscript sentence to be frozen after Gate 4,Industrial evidence,candidate,ACCOUNTED_GATE1
168,Breitkreuz2022RemoteMaintenance,R101,validated,Springer LNCS version of record,yes,Four authors/volume/pages/DOI confirmed; 89-article remote-maintenance SLR,review_or_methodology,task_device_context,taxonomy_or_meta_analysis,Supports task device context assessment; exact manuscript sentence to be frozen after Gate 4,Industrial evidence,candidate,ACCOUNTED_GATE1
169,Page2021PRISMA,R102,validated,BMJ/PubMed,yes,PRISMA 2020 statement; full authors/volume/article/DOI confirmed,review_or_methodology,context_scope,taxonomy,Supports context scope assessment; exact manuscript sentence to be frozen after Gate 4,AR evidence,candidate,ACCOUNTED_GATE1
170,Rethlefsen2021PRISMAS,R103,validated,Systematic Reviews/EQUATOR/PMC,yes,PRISMA-S; authors/group/volume/article/DOI confirmed,review_or_methodology,context_scope,taxonomy,Supports context scope assessment; exact manuscript sentence to be frozen after Gate 4,AR evidence,candidate,ACCOUNTED_GATE1
171,McGowan2016PRESS,R104,validated,PubMed/Journal of Clinical Epidemiology,yes,PRESS 2015 guideline; six authors/volume/pages/DOI confirmed,review_or_methodology,context_scope,taxonomy,Supports context scope assessment; exact manuscript sentence to be frozen after Gate 4,AR evidence,candidate,ACCOUNTED_GATE1
172,Bramer2016Deduplication,R105,validated,PubMed/PMC/Erasmus repository,yes,Deduplication method; five authors/volume/issue/pages/DOI confirmed,review_or_methodology,context_scope,taxonomy,Supports context scope assessment; exact manuscript sentence to be frozen after Gate 4,AR evidence,candidate,ACCOUNTED_GATE1
173,Bramer2017DatabaseCombinations,R106,validated,PubMed/Systematic Reviews/Crossref,yes,Four authors/volume/article/DOI confirmed,review_or_methodology,context_scope,taxonomy,Supports context scope assessment; exact manuscript sentence to be frozen after Gate 4,AR evidence,candidate,ACCOUNTED_GATE1
174,Tang2020MedicalEducation,R107,validated,Canadian Medical Education Journal + PubMed/PMC,yes,Four authors/11(1)/e81-e96/DOI confirmed; 36-study medical-education systematic review,review_or_methodology,prior_art_and_scope,systematic_review_or_evidence_map,Supports prior art and scope assessment; exact manuscript sentence to be frozen after Gate 4,Related work,candidate,ACCOUNTED_GATE1
175,Tene2024MedicalUmbrella,R108,validated,Frontiers in Digital Health + PubMed,yes,Five authors/volume/article/DOI confirmed; umbrella review of VR/AR medical education,review_or_methodology,prior_art_and_scope,systematic_review_or_evidence_map,Supports prior art and scope assessment; exact manuscript sentence to be frozen after Gate 4,Related work,candidate,ACCOUNTED_GATE1
176,RodriguezAbad2021HealthSciences,R109,validated,IJERPH + PubMed,yes,Four authors/18(8)/4262/DOI confirmed; health-sciences higher-education systematic review,review_or_methodology,prior_art_and_scope,systematic_review_or_evidence_map,Supports prior art and scope assessment; exact manuscript sentence to be frozen after Gate 4,Related work,candidate,ACCOUNTED_GATE1
177,Lauinger2026XRHealthEducation,R110,validated,Frontiers in Medicine + PubMed,yes,Seven authors/volume/article/DOI confirmed; 29-study US XR-HMD healthcare-education scoping review,review_or_methodology,prior_art_and_scope,systematic_review_or_evidence_map,Supports prior art and scope assessment; exact manuscript sentence to be frozen after Gate 4,Related work,candidate,ACCOUNTED_GATE1
178,Chiang2022VocationalTraining,R111,validated,Computers in Human Behavior/ScienceDirect,yes,Three authors/volume/article/DOI confirmed; 80-study vocational-training systematic review,review_or_methodology,prior_art_and_scope,systematic_review_or_evidence_map,Supports prior art and scope assessment; exact manuscript sentence to be frozen after Gate 4,Related work,candidate,ACCOUNTED_GATE1
179,FernandezDelAmo2018KnowledgeTransfer,R112,validated,Computers in Industry + City Research Online,yes,Five authors/volume/pages/DOI confirmed; 74-paper maintenance knowledge-transfer SLR,review_or_methodology,task_device_context,taxonomy_or_meta_analysis,Supports task device context assessment; exact manuscript sentence to be frozen after Gate 4,Industrial evidence,candidate,ACCOUNTED_GATE1
180,Burke2025XRHigherEducation,R113,validated,Springer TechTrends,yes,Three authors/69/998-1011/DOI confirmed; 295-study higher-education XR review,review_or_methodology,prior_art_and_scope,systematic_review_or_evidence_map,Supports prior art and scope assessment; exact manuscript sentence to be frozen after Gate 4,Related work,candidate,ACCOUNTED_GATE1
181,Williams2025AnatomyAR,R114,validated,PubMed/Wiley Clinical Anatomy,yes,Three authors/38(2)/168-185/DOI confirmed; anatomy AR teaching systematic review,review_or_methodology,prior_art_and_scope,systematic_review_or_evidence_map,Supports prior art and scope assessment; exact manuscript sentence to be frozen after Gate 4,Related work,candidate,ACCOUNTED_GATE1
182,Fugate2025ImmersiveXRMedical,R115,validated,MDPI/PubMed/PMC,yes,Three authors/15(4)/468/DOI confirmed; 56-study immersive XR medical/nursing review,review_or_methodology,prior_art_and_scope,systematic_review_or_evidence_map,Supports prior art and scope assessment; exact manuscript sentence to be frozen after Gate 4,Related work,candidate,ACCOUNTED_GATE1
183,FernandezMoyano2025IndustryImpact,R116,validated,MDPI Applied Sciences,yes,Three authors/15(5)/2415/DOI confirmed; 74-article industrial AR scoping review,review_or_methodology,prior_art_and_scope,systematic_review_or_evidence_map,Supports prior art and scope assessment; exact manuscript sentence to be frozen after Gate 4,Related work,candidate,ACCOUNTED_GATE1
184,Haq2026SurgicalTraining,R117,validated,PubMed/Wiley World Journal of Surgery,yes,Two authors/50(6)/1567-1578/DOI confirmed; surgical training systematic review,review_or_methodology,prior_art_and_scope,systematic_review_or_evidence_map,Supports prior art and scope assessment; exact manuscript sentence to be frozen after Gate 4,Related work,candidate,ACCOUNTED_GATE1
185,Jia2025StrokeARMeta,R118,validated,PubMed/Wiley,yes,"Four authors/34(11)/4578-4589/DOI confirmed; 11-study AR stroke systematic review, 8 meta-analyzed",review_or_methodology,prior_art_and_scope,systematic_review_or_evidence_map,Supports prior art and scope assessment; exact manuscript sentence to be frozen after Gate 4,Related work,candidate,ACCOUNTED_GATE1
186,Alashram2025StrokeLowerLimbAR,R119,validated,PubMed/Elsevier,yes,Single author/42/1039-1046/DOI confirmed; five RCT lower-limb stroke review,review_or_methodology,prior_art_and_scope,systematic_review_or_evidence_map,Supports prior art and scope assessment; exact manuscript sentence to be frozen after Gate 4,Related work,candidate,ACCOUNTED_GATE1
187,Su2024TKAExtendedReality,R120,validated,PubMed/Elsevier,yes,Five authors/39(3)/582-590.e4/DOI confirmed; 14-RCT TKA XR meta-analysis,review_or_methodology,heterogeneity_and_scope,meta_analysis,Supports heterogeneity and scope assessment; exact manuscript sentence to be frozen after Gate 4,Prior art / quantitative synthesis,candidate,ACCOUNTED_GATE1
188,Plavoukou2025KneeRehabilitation,R121,validated,PubMed/PMC,yes,Five authors/17(2)/e79011/DOI confirmed; four-RCT knee osteoarthritis review,review_or_methodology,prior_art_and_scope,systematic_review_or_evidence_map,Supports prior art and scope assessment; exact manuscript sentence to be frozen after Gate 4,Related work,candidate,ACCOUNTED_GATE1
189,Bello2025NeurocognitiveXR,R122,validated,PubMed/Elsevier,yes,Three authors/184/473-487/DOI confirmed; 28-study XR neurocognitive assessment review,review_or_methodology,prior_art_and_scope,systematic_review_or_evidence_map,Supports prior art and scope assessment; exact manuscript sentence to be frozen after Gate 4,Related work,candidate,ACCOUNTED_GATE1
190,Williamson2025SCIExtendedReality,R123,validated,PubMed/Nature,yes,Three authors/63(2)/58-65/DOI confirmed; systematic scoping review of SCI XR psychological outcomes,review_or_methodology,prior_art_and_scope,systematic_review_or_evidence_map,Supports prior art and scope assessment; exact manuscript sentence to be frozen after Gate 4,Related work,candidate,ACCOUNTED_GATE1
191,Nikolaidis2022ReviewOfReviews,R124,validated,Journal of Imaging + PubMed/PMC,yes,Single author/8(5)/145/DOI confirmed; systematic analysis of 47 AR reviews,review_or_methodology,prior_art_and_scope,systematic_review_or_evidence_map,Supports prior art and scope assessment; exact manuscript sentence to be frozen after Gate 4,Related work,candidate,ACCOUNTED_GATE1
192,Gonzales2025NonTechnicalHealthcareXR,R125,validated,PubMed + Applied Ergonomics,yes,Three authors/125/104463/DOI confirmed; 15-study healthcare non-technical-skills XR scoping review,review_or_methodology,prior_art_and_scope,systematic_review_or_evidence_map,Supports prior art and scope assessment; exact manuscript sentence to be frozen after Gate 4,Related work,candidate,ACCOUNTED_GATE1
193,Asoodar2024HealthProfessionsLearning,R126,validated,Springer Advances in Simulation + PubMed/PMC,yes,Four authors/9(1)/36/DOI confirmed; 184-study health-professions immersive-learning scoping review,review_or_methodology,prior_art_and_scope,systematic_review_or_evidence_map,Supports prior art and scope assessment; exact manuscript sentence to be frozen after Gate 4,Related work,candidate,ACCOUNTED_GATE1
194,Mondal2024IndiaHealthcareEducation,R127,validated,PubMed/PMC + DOAJ,yes,Single author/13(8)/2841-2850/DOI confirmed; India-focused healthcare education systematic review,review_or_methodology,prior_art_and_scope,systematic_review_or_evidence_map,Supports prior art and scope assessment; exact manuscript sentence to be frozen after Gate 4,Related work,candidate,ACCOUNTED_GATE1
195,Chahartangi2025ARVirtualPatients,R128,validated,PLOS ONE + PubMed/PMC,yes,Four authors/20(7)/e0324740/DOI confirmed; 27-study AR virtual-patient healthcare training scoping review,review_or_methodology,prior_art_and_scope,systematic_review_or_evidence_map,Supports prior art and scope assessment; exact manuscript sentence to be frozen after Gate 4,Related work,candidate,ACCOUNTED_GATE1
196,Li2025ARHigherEducationMeta,R129,validated,Education Sciences/MDPI,yes,Six authors/15(6)/678/DOI confirmed; higher-education AR systematic review/meta-analysis,review_or_methodology,heterogeneity_and_scope,meta_analysis,Supports heterogeneity and scope assessment; exact manuscript sentence to be frozen after Gate 4,Prior art / quantitative synthesis,candidate,ACCOUNTED_GATE1
197,Roman2024HealthSciencesTeaching,R130,validated,Procedia Computer Science/Elsevier,yes,Four authors/238/460-467/DOI confirmed; 16-article health-sciences teaching review,review_or_methodology,prior_art_and_scope,systematic_review_or_evidence_map,Supports prior art and scope assessment; exact manuscript sentence to be frozen after Gate 4,Related work,candidate,ACCOUNTED_GATE1
198,Shidende2023AccessibilityEvaluation,R131,validated,IOS Press/PubMed,yes,Four authors/306/575-582/DOI confirmed; 60-article accessibility-evaluation SLR,review_or_methodology,context_scope,taxonomy,Supports context scope assessment; exact manuscript sentence to be frozen after Gate 4,AR evidence,candidate,ACCOUNTED_GATE1
199,Upadhyay2024CollaborativeHigherEducation,R132,validated,PubMed/Applied Ergonomics,yes,Six authors/121/104360/DOI confirmed; 20-study collaborative AR higher-education review,review_or_methodology,prior_art_and_scope,systematic_review_or_evidence_map,Supports prior art and scope assessment; exact manuscript sentence to be frozen after Gate 4,Related work,candidate,ACCOUNTED_GATE1
200,Stefanidi2024AROnTheMove,R133,validated,ACM PACMHCI,yes,Three authors/8(MHCI)/1-30/DOI confirmed; vulnerable-road-user AR SLR,review_or_methodology,context_scope,taxonomy,Supports context scope assessment; exact manuscript sentence to be frozen after Gate 4,AR evidence,candidate,ACCOUNTED_GATE1
201,Zilak2022HandheldAccessibility,R134,validated,Sensors/PubMed,yes,Three authors/22(20)/7719/DOI confirmed; handheld AR disability SLR,review_or_methodology,context_scope,taxonomy,Supports context scope assessment; exact manuscript sentence to be frozen after Gate 4,AR evidence,candidate,ACCOUNTED_GATE1
202,Egger2020IntelligentManufacturing,R135,validated,Strathclyde/Elsevier,yes,Two authors/140/106195/DOI confirmed; 96-paper intelligent-manufacturing AR SLR,review_or_methodology,task_device_context,taxonomy_or_meta_analysis,Supports task device context assessment; exact manuscript sentence to be frozen after Gate 4,Industrial evidence,candidate,ACCOUNTED_GATE1
203,Runji2023MaintenanceOperatorNeeds,R136,validated,Oxford/KCI/Springer metadata,yes,Three authors/10(2)/567-585/DOI confirmed; manufacturing-maintenance operator-needs SLR,review_or_methodology,task_device_context,taxonomy_or_meta_analysis,Supports task device context assessment; exact manuscript sentence to be frozen after Gate 4,Industrial evidence,candidate,ACCOUNTED_GATE1
204,Ramtohul2024CulturalHeritage,R137,validated,Elsevier/DBLP,yes,Two authors/32/e00317/DOI confirmed; 45-work cultural-heritage AR review,review_or_methodology,prior_art_and_scope,systematic_review_or_evidence_map,Supports prior art and scope assessment; exact manuscript sentence to be frozen after Gate 4,Related work,candidate,ACCOUNTED_GATE1
205,Chen2022ARRetail,R138,validated,Emerald/Manchester repository,yes,Four authors/50(4)/498-518/DOI confirmed; 76-paper AR retail SLR,review_or_methodology,context_scope,taxonomy,Supports context scope assessment; exact manuscript sentence to be frozen after Gate 4,AR evidence,candidate,ACCOUNTED_GATE1
206,Liang2021ARTourism,R139,validated,SAGE,yes,Two authors/21(1)/DOI confirmed; AR-only tourism systematic review,review_or_methodology,prior_art_and_scope,systematic_review_or_evidence_map,Supports prior art and scope assessment; exact manuscript sentence to be frozen after Gate 4,Related work,candidate,ACCOUNTED_GATE1
207,Senyer2025CulturalHeritageMobile,R140,validated,Black Sea Journal,yes,Two authors/8(4)/1245-1257/DOI confirmed; mobile cultural-heritage AR review,review_or_methodology,prior_art_and_scope,systematic_review_or_evidence_map,Supports prior art and scope assessment; exact manuscript sentence to be frozen after Gate 4,Related work,candidate,ACCOUNTED_GATE1
208,Balalle2025HigherEducationXR,R141,validated,Springer Discover Education,yes,Single author/4/151/DOI confirmed; higher-education VR/AR/MR SLR,review_or_methodology,context_scope,taxonomy,Supports context scope assessment; exact manuscript sentence to be frozen after Gate 4,AR evidence,candidate,ACCOUNTED_GATE1
209,Kazlaris2025CollaborativeLearning,R142,validated,MDPI/DOAJ,yes,Four authors/9(9)/94/DOI confirmed; collaborative-learning AR SLR,review_or_methodology,context_scope,taxonomy,Supports context scope assessment; exact manuscript sentence to be frozen after Gate 4,AR evidence,candidate,ACCOUNTED_GATE1
210,Salman2025SmartFacilities,R143,validated,Emerald,yes,Two authors/14(1)/254-275/DOI confirmed; smart facilities AR/MR systematic review,review_or_methodology,prior_art_and_scope,systematic_review_or_evidence_map,Supports prior art and scope assessment; exact manuscript sentence to be frozen after Gate 4,Related work,candidate,ACCOUNTED_GATE1
211,PerezPachon2020ImageOverlaySurgery,R144,validated,PubMed/Aberdeen/Springer,yes,Four authors/vol 1260/175-195/DOI confirmed; 76-study surgical overlay review,review_or_methodology,prior_art_and_scope,systematic_review_or_evidence_map,Supports prior art and scope assessment; exact manuscript sentence to be frozen after Gate 4,Related work,candidate,ACCOUNTED_GATE1
212,Kumar2022OnlineRetailAR,R145,validated,Emerald metadata + independent citation records,yes,Single author/50(4)/537-559/DOI confirmed; 53-article online-retail AR SLR,review_or_methodology,context_scope,taxonomy,Supports context scope assessment; exact manuscript sentence to be frozen after Gate 4,AR evidence,candidate,ACCOUNTED_GATE1
