id,closest_prior_art,established_capability,basis,must_not_claim,candidate_difference,novelty_status,reviewer_risk
N01,Evidence-and-gap mapping,Evidence distribution/gaps in intervention×outcome or other frameworks,Campbell EGM methods,EET must not claim evidence mapping as new,EET asks claim entitlement rather than evidence density,integration-level only,HIGH
N02,GRADE / certainty of evidence,Rates certainty/quality and recommendation strength,GRADE Working Group,EET must not rename certainty grading,EET separates claim scope/order from evidence quality,possible integration,HIGH
N03,Meta-analysis / meta-regression,"Pooled effects, heterogeneity, moderators",Established statistical synthesis,EET must defer when outcomes are commensurable,EET handles noncommensurable claim-scope obligations and explicit frontier,complementary,HIGH
N04,Value of Information / EVSI,Prioritizes research by expected decision value,Health-economic VOI literature,Expected Frontier Gain cannot be claimed as generic research-prioritization invention,Frontier-specific utility over claim entitlement may differ,UNPROVEN_DIFFERENTIATION,HIGH
N05,Formal Concept Analysis / order theory,"Partial orders, closure systems, concept lattices",Established discrete mathematics,Posets/lattices are not novel,Application to claim entitlement may be distinctive,integration-level only,HIGH
N06,Hypergraphs / hitting sets,Joint requirements and minimal transversals,Established combinatorics,Minimal obstruction mathematics not novel,Scientific interpretation as blocking evidence obligations may be useful,integration-level only,HIGH
N07,Causal transportability/generalizability,Moves causal claims across populations/settings,Established causal inference,Transfer/generalization is not a new problem,EET uses broader evidence-object boundaries without claiming causal identification,complementary,MEDIUM
N08,Robustness / sensitivity analysis,Perturb assumptions and assess result stability,Established methodology,Stability score not intrinsically novel,Claim-level perturbation survival may be useful packaging,integration-level only,MEDIUM
N09,Argumentation / claim verification,Support/attack relations among propositions,Formal argumentation literature,Support relations are not novel,EET emphasizes maximum licensed claim scope plus explicit obligations,UNPROVEN_DIFFERENTIATION,MEDIUM
N10,EET integrated problem,Evidence -> licensed claim region -> maximal frontier -> blocking obligations -> perturbation stability -> hypothetical evidence value,No complete match established in Gate-1 audit,No claim of firstness permitted,"Potential contribution is integrated, claim-scope-centered synthesis architecture",CANDIDATE_DIFFERENTIATION,MEDIUM
