item,status,evidence_or_output
repository_audit,COMPLETED,"CEG active file identified; EQP superseded; EET pilot present"
reference_accounting,COMPLETED,"212/212 entries present in master.bib and validation registry"
reference_citation_matrix,COMPLETED,"212 rows generated; all accounted; citation use remains candidate until sentence-level validation"
prior_art_audit,COMPLETED_WITH_LIMITATION,"Core comparator families audited; no firstness claim; external prior-art audit remains conservative and expandable"
EET_V1_formalization,COMPLETED,"Family-of-posets model; tri-state obligations; nonmonotonic entitlement; frontier; obstruction; contradiction classes; stability; OEE/UEE"
counterexample_search,COMPLETED,"Six design failures/risks recorded; five resolved in V1, EFG novelty open"
baselines,COMPLETED,"B0-B7 frozen with task applicability"
primary_metrics,COMPLETED,"OEE, UEE, macro-F1 claim-state, condition-split macro-F1"
synthetic_world_design,COMPLETED,"200 worlds across 10 families; ground truth generated independently of EET"
stress_test_design,COMPLETED,"7 perturbation axes frozen"
ablation_design,COMPLETED,"Full EET plus six component removals"
published_evidence_schema,COMPLETED,"Retrospective published-evidence extraction schema frozen"
human_or_physical_experiment,NOT_USED,"No new human participant, survey, expert panel, lab, field, clinical, or physical AR experiment"
prompt2_execution,NOT_STARTED,"Gate 1 stop condition respected"
paper_writing,NOT_STARTED,"Master chronology respected"
