world_id,family,seed,n_evidence,heterogeneity,missingness
1,valid_local_claim,20268926,24,0.146,0.035
2,valid_local_claim,20276845,27,0.216,0.059
3,valid_local_claim,20284764,29,0.287,0.084
4,valid_local_claim,20292683,31,0.108,0.109
5,valid_local_claim,20300602,33,0.179,0.133
6,valid_local_claim,20308521,36,0.250,0.038
7,valid_local_claim,20316440,38,0.320,0.062
8,valid_local_claim,20324359,40,0.141,0.087
9,valid_local_claim,20332278,9,0.212,0.111
10,valid_local_claim,20340197,12,0.283,0.136
11,valid_local_claim,20348116,14,0.103,0.041
12,valid_local_claim,20356035,16,0.174,0.065
13,valid_local_claim,20363954,19,0.245,0.090
14,valid_local_claim,20371873,21,0.316,0.114
15,valid_local_claim,20379792,23,0.137,0.139
16,valid_local_claim,20387711,25,0.207,0.043
17,valid_local_claim,20395630,28,0.278,0.068
18,valid_local_claim,20403549,30,0.349,0.093
19,valid_local_claim,20411468,32,0.170,0.117
20,valid_local_claim,20419387,35,0.240,0.022
21,valid_broad_claim,20427306,37,0.311,0.046
22,valid_broad_claim,20435225,39,0.132,0.071
23,valid_broad_claim,20443144,8,0.203,0.095
24,valid_broad_claim,20451063,11,0.274,0.120
25,valid_broad_claim,20458982,13,0.344,0.025
26,valid_broad_claim,20466901,15,0.165,0.049
27,valid_broad_claim,20474820,17,0.236,0.074
28,valid_broad_claim,20482739,20,0.307,0.098
29,valid_broad_claim,20490658,22,0.127,0.123
30,valid_broad_claim,20498577,24,0.198,0.028
31,valid_broad_claim,20506496,27,0.269,0.052
32,valid_broad_claim,20514415,29,0.340,0.077
33,valid_broad_claim,20522334,31,0.161,0.101
34,valid_broad_claim,20530253,33,0.231,0.126
35,valid_broad_claim,20538172,36,0.302,0.030
36,valid_broad_claim,20546091,38,0.123,0.055
37,valid_broad_claim,20554010,40,0.194,0.080
38,valid_broad_claim,20561929,10,0.264,0.104
39,valid_broad_claim,20569848,12,0.335,0.129
40,valid_broad_claim,20577767,14,0.156,0.033
41,unsupported_generalization,20585686,16,0.227,0.058
42,unsupported_generalization,20593605,19,0.298,0.082
43,unsupported_generalization,20601524,21,0.118,0.107
44,unsupported_generalization,20609443,23,0.189,0.132
45,unsupported_generalization,20617362,25,0.260,0.036
46,unsupported_generalization,20625281,28,0.331,0.061
47,unsupported_generalization,20633200,30,0.151,0.085
48,unsupported_generalization,20641119,32,0.222,0.110
49,unsupported_generalization,20649038,35,0.293,0.134
50,unsupported_generalization,20656957,37,0.114,0.039
51,unsupported_generalization,20664876,39,0.185,0.064
52,unsupported_generalization,20672795,8,0.255,0.088
53,unsupported_generalization,20680714,11,0.326,0.113
54,unsupported_generalization,20688633,13,0.147,0.137
55,unsupported_generalization,20696552,15,0.218,0.042
56,unsupported_generalization,20704471,18,0.288,0.067
57,unsupported_generalization,20712390,20,0.109,0.091
58,unsupported_generalization,20720309,22,0.180,0.116
59,unsupported_generalization,20728228,24,0.251,0.020
60,unsupported_generalization,20736147,27,0.322,0.045
61,same_claim_conflict,20744066,29,0.701,0.069
62,same_claim_conflict,20751985,31,0.786,0.094
63,same_claim_conflict,20759904,33,0.871,0.119
64,same_claim_conflict,20767823,36,0.656,0.023
65,same_claim_conflict,20775742,38,0.741,0.048
66,same_claim_conflict,20783661,40,0.826,0.072
67,same_claim_conflict,20791580,10,0.910,0.097
68,same_claim_conflict,20799499,12,0.695,0.121
69,same_claim_conflict,20807418,14,0.780,0.026
70,same_claim_conflict,20815337,16,0.865,0.051
71,same_claim_conflict,20823256,19,0.650,0.075
72,same_claim_conflict,20831175,21,0.735,0.100
73,same_claim_conflict,20839094,23,0.820,0.124
74,same_claim_conflict,20847013,26,0.905,0.029
75,same_claim_conflict,20854932,28,0.690,0.053
76,same_claim_conflict,20862851,30,0.775,0.078
77,same_claim_conflict,20870770,32,0.860,0.103
78,same_claim_conflict,20878689,35,0.945,0.127
79,same_claim_conflict,20886608,37,0.730,0.032
80,same_claim_conflict,20894527,39,0.815,0.056
81,condition_split,20902446,8,0.900,0.081
82,condition_split,20910365,11,0.685,0.106
83,condition_split,20918284,13,0.769,0.130
84,condition_split,20926203,15,0.854,0.035
85,condition_split,20934122,18,0.939,0.059
86,condition_split,20942041,20,0.724,0.084
87,condition_split,20949960,22,0.809,0.108
88,condition_split,20957879,24,0.894,0.133
89,condition_split,20965798,27,0.679,0.038
90,condition_split,20973717,29,0.764,0.062
91,condition_split,20981636,31,0.849,0.087
92,condition_split,20989555,34,0.934,0.111
93,condition_split,20997474,36,0.719,0.136
94,condition_split,21005393,38,0.804,0.040
95,condition_split,21013312,40,0.889,0.065
96,condition_split,21021231,10,0.674,0.090
97,condition_split,21029150,12,0.759,0.114
98,condition_split,21037069,14,0.843,0.139
99,condition_split,21044988,16,0.928,0.043
100,condition_split,21052907,19,0.713,0.068
101,estimand_split,21060826,21,0.798,0.092
102,estimand_split,21068745,23,0.883,0.117
103,estimand_split,21076664,26,0.668,0.022
104,estimand_split,21084583,28,0.753,0.046
105,estimand_split,21092502,30,0.838,0.071
106,estimand_split,21100421,32,0.923,0.095
107,estimand_split,21108340,35,0.708,0.120
108,estimand_split,21116259,37,0.793,0.025
109,estimand_split,21124178,39,0.878,0.049
110,estimand_split,21132097,9,0.663,0.074
111,estimand_split,21140016,11,0.748,0.098
112,estimand_split,21147935,13,0.833,0.123
113,estimand_split,21155854,15,0.917,0.027
114,estimand_split,21163773,18,0.702,0.052
115,estimand_split,21171692,20,0.787,0.077
116,estimand_split,21179611,22,0.872,0.101
117,estimand_split,21187530,24,0.657,0.126
118,estimand_split,21195449,27,0.742,0.030
119,estimand_split,21203368,29,0.827,0.055
120,estimand_split,21211287,31,0.912,0.079
121,missing_obligation,21219206,34,0.139,0.525
122,missing_obligation,21227125,36,0.210,0.576
123,missing_obligation,21235044,38,0.281,0.377
124,missing_obligation,21242963,40,0.101,0.429
125,missing_obligation,21250882,10,0.172,0.480
126,missing_obligation,21258801,12,0.243,0.531
127,missing_obligation,21266720,14,0.314,0.582
128,missing_obligation,21274639,17,0.135,0.383
129,missing_obligation,21282558,19,0.205,0.435
130,missing_obligation,21290477,21,0.276,0.486
131,missing_obligation,21298396,23,0.347,0.537
132,missing_obligation,21306315,26,0.168,0.588
133,missing_obligation,21314234,28,0.238,0.389
134,missing_obligation,21322153,30,0.309,0.441
135,missing_obligation,21330072,32,0.130,0.492
136,missing_obligation,21337991,35,0.201,0.543
137,missing_obligation,21345910,37,0.272,0.594
138,missing_obligation,21353829,39,0.342,0.395
139,missing_obligation,21361748,9,0.163,0.447
140,missing_obligation,21369667,11,0.234,0.498
141,redundant_evidence,21377586,13,0.305,0.116
142,redundant_evidence,21385505,15,0.125,0.020
143,redundant_evidence,21393424,18,0.196,0.045
144,redundant_evidence,21401343,20,0.267,0.069
145,redundant_evidence,21409262,22,0.338,0.094
146,redundant_evidence,21417181,25,0.159,0.118
147,redundant_evidence,21425100,27,0.229,0.023
148,redundant_evidence,21433019,29,0.300,0.048
149,redundant_evidence,21440938,31,0.121,0.072
150,redundant_evidence,21448857,34,0.192,0.097
151,redundant_evidence,21456776,36,0.263,0.121
152,redundant_evidence,21464695,38,0.333,0.026
153,redundant_evidence,21472614,40,0.154,0.050
154,redundant_evidence,21480533,10,0.225,0.075
155,redundant_evidence,21488452,12,0.296,0.100
156,redundant_evidence,21496371,14,0.116,0.124
157,redundant_evidence,21504290,17,0.187,0.029
158,redundant_evidence,21512209,19,0.258,0.053
159,redundant_evidence,21520128,21,0.329,0.078
160,redundant_evidence,21528047,23,0.150,0.103
161,fragile_vs_stable,21535966,26,0.794,0.127
162,fragile_vs_stable,21543885,28,0.879,0.032
163,fragile_vs_stable,21551804,30,0.664,0.056
164,fragile_vs_stable,21559723,33,0.749,0.081
165,fragile_vs_stable,21567642,35,0.834,0.105
166,fragile_vs_stable,21575561,37,0.919,0.130
167,fragile_vs_stable,21583480,39,0.704,0.035
168,fragile_vs_stable,21591399,9,0.789,0.059
169,fragile_vs_stable,21599318,11,0.874,0.084
170,fragile_vs_stable,21607237,13,0.659,0.108
171,fragile_vs_stable,21615156,15,0.744,0.133
172,fragile_vs_stable,21623075,18,0.829,0.037
173,fragile_vs_stable,21630994,20,0.914,0.062
174,fragile_vs_stable,21638913,22,0.699,0.087
175,fragile_vs_stable,21646832,25,0.783,0.111
176,fragile_vs_stable,21654751,27,0.868,0.136
177,fragile_vs_stable,21662670,29,0.653,0.040
178,fragile_vs_stable,21670589,31,0.738,0.065
179,fragile_vs_stable,21678508,34,0.823,0.089
180,fragile_vs_stable,21686427,36,0.908,0.114
181,dense_narrow_vs_sparse_diverse,21694346,100,0.333,0.037
182,dense_narrow_vs_sparse_diverse,21702265,10,0.100,0.071
183,dense_narrow_vs_sparse_diverse,21710184,100,0.118,0.105
184,dense_narrow_vs_sparse_diverse,21718103,10,0.135,0.139
185,dense_narrow_vs_sparse_diverse,21726022,100,0.152,0.053
186,dense_narrow_vs_sparse_diverse,21733941,10,0.169,0.087
187,dense_narrow_vs_sparse_diverse,21741860,100,0.187,0.121
188,dense_narrow_vs_sparse_diverse,21749779,10,0.204,0.035
189,dense_narrow_vs_sparse_diverse,21757698,100,0.221,0.069
190,dense_narrow_vs_sparse_diverse,21765617,10,0.238,0.103
191,dense_narrow_vs_sparse_diverse,21773536,100,0.256,0.137
192,dense_narrow_vs_sparse_diverse,21781455,10,0.273,0.051
193,dense_narrow_vs_sparse_diverse,21789374,100,0.290,0.085
194,dense_narrow_vs_sparse_diverse,21797293,10,0.307,0.119
195,dense_narrow_vs_sparse_diverse,21805212,100,0.325,0.033
196,dense_narrow_vs_sparse_diverse,21813131,10,0.342,0.067
197,dense_narrow_vs_sparse_diverse,21821050,100,0.109,0.101
198,dense_narrow_vs_sparse_diverse,21828969,10,0.126,0.135
199,dense_narrow_vs_sparse_diverse,21836888,100,0.144,0.049
200,dense_narrow_vs_sparse_diverse,21844807,10,0.161,0.083
