world_id,family,true_claim_state,true_condition_state,true_frontier_rank
1,valid_local_claim,LOCAL_ENTITLED,NO_SPLIT,1
2,valid_local_claim,LOCAL_ENTITLED,NO_SPLIT,1
3,valid_local_claim,LOCAL_ENTITLED,NO_SPLIT,1
4,valid_local_claim,LOCAL_ENTITLED,NO_SPLIT,1
5,valid_local_claim,LOCAL_ENTITLED,NO_SPLIT,1
6,valid_local_claim,LOCAL_ENTITLED,NO_SPLIT,1
7,valid_local_claim,LOCAL_ENTITLED,NO_SPLIT,1
8,valid_local_claim,LOCAL_ENTITLED,NO_SPLIT,1
9,valid_local_claim,LOCAL_ENTITLED,NO_SPLIT,1
10,valid_local_claim,LOCAL_ENTITLED,NO_SPLIT,1
11,valid_local_claim,LOCAL_ENTITLED,NO_SPLIT,1
12,valid_local_claim,LOCAL_ENTITLED,NO_SPLIT,1
13,valid_local_claim,LOCAL_ENTITLED,NO_SPLIT,1
14,valid_local_claim,LOCAL_ENTITLED,NO_SPLIT,1
15,valid_local_claim,LOCAL_ENTITLED,NO_SPLIT,1
16,valid_local_claim,LOCAL_ENTITLED,NO_SPLIT,1
17,valid_local_claim,LOCAL_ENTITLED,NO_SPLIT,1
18,valid_local_claim,LOCAL_ENTITLED,NO_SPLIT,1
19,valid_local_claim,LOCAL_ENTITLED,NO_SPLIT,1
20,valid_local_claim,LOCAL_ENTITLED,NO_SPLIT,1
21,valid_broad_claim,BROAD_ENTITLED,NO_SPLIT,3
22,valid_broad_claim,BROAD_ENTITLED,NO_SPLIT,3
23,valid_broad_claim,BROAD_ENTITLED,NO_SPLIT,3
24,valid_broad_claim,BROAD_ENTITLED,NO_SPLIT,3
25,valid_broad_claim,BROAD_ENTITLED,NO_SPLIT,3
26,valid_broad_claim,BROAD_ENTITLED,NO_SPLIT,3
27,valid_broad_claim,BROAD_ENTITLED,NO_SPLIT,3
28,valid_broad_claim,BROAD_ENTITLED,NO_SPLIT,3
29,valid_broad_claim,BROAD_ENTITLED,NO_SPLIT,3
30,valid_broad_claim,BROAD_ENTITLED,NO_SPLIT,3
31,valid_broad_claim,BROAD_ENTITLED,NO_SPLIT,3
32,valid_broad_claim,BROAD_ENTITLED,NO_SPLIT,3
33,valid_broad_claim,BROAD_ENTITLED,NO_SPLIT,3
34,valid_broad_claim,BROAD_ENTITLED,NO_SPLIT,3
35,valid_broad_claim,BROAD_ENTITLED,NO_SPLIT,3
36,valid_broad_claim,BROAD_ENTITLED,NO_SPLIT,3
37,valid_broad_claim,BROAD_ENTITLED,NO_SPLIT,3
38,valid_broad_claim,BROAD_ENTITLED,NO_SPLIT,3
39,valid_broad_claim,BROAD_ENTITLED,NO_SPLIT,3
40,valid_broad_claim,BROAD_ENTITLED,NO_SPLIT,3
41,unsupported_generalization,LOCAL_ONLY,NO_SPLIT,1
42,unsupported_generalization,LOCAL_ONLY,NO_SPLIT,1
43,unsupported_generalization,LOCAL_ONLY,NO_SPLIT,1
44,unsupported_generalization,LOCAL_ONLY,NO_SPLIT,1
45,unsupported_generalization,LOCAL_ONLY,NO_SPLIT,1
46,unsupported_generalization,LOCAL_ONLY,NO_SPLIT,1
47,unsupported_generalization,LOCAL_ONLY,NO_SPLIT,1
48,unsupported_generalization,LOCAL_ONLY,NO_SPLIT,1
49,unsupported_generalization,LOCAL_ONLY,NO_SPLIT,1
50,unsupported_generalization,LOCAL_ONLY,NO_SPLIT,1
51,unsupported_generalization,LOCAL_ONLY,NO_SPLIT,1
52,unsupported_generalization,LOCAL_ONLY,NO_SPLIT,1
53,unsupported_generalization,LOCAL_ONLY,NO_SPLIT,1
54,unsupported_generalization,LOCAL_ONLY,NO_SPLIT,1
55,unsupported_generalization,LOCAL_ONLY,NO_SPLIT,1
56,unsupported_generalization,LOCAL_ONLY,NO_SPLIT,1
57,unsupported_generalization,LOCAL_ONLY,NO_SPLIT,1
58,unsupported_generalization,LOCAL_ONLY,NO_SPLIT,1
59,unsupported_generalization,LOCAL_ONLY,NO_SPLIT,1
60,unsupported_generalization,LOCAL_ONLY,NO_SPLIT,1
61,same_claim_conflict,UNRESOLVED,SAME_CLAIM_CONFLICT,0
62,same_claim_conflict,UNRESOLVED,SAME_CLAIM_CONFLICT,0
63,same_claim_conflict,UNRESOLVED,SAME_CLAIM_CONFLICT,0
64,same_claim_conflict,UNRESOLVED,SAME_CLAIM_CONFLICT,0
65,same_claim_conflict,UNRESOLVED,SAME_CLAIM_CONFLICT,0
66,same_claim_conflict,UNRESOLVED,SAME_CLAIM_CONFLICT,0
67,same_claim_conflict,UNRESOLVED,SAME_CLAIM_CONFLICT,0
68,same_claim_conflict,UNRESOLVED,SAME_CLAIM_CONFLICT,0
69,same_claim_conflict,UNRESOLVED,SAME_CLAIM_CONFLICT,0
70,same_claim_conflict,UNRESOLVED,SAME_CLAIM_CONFLICT,0
71,same_claim_conflict,UNRESOLVED,SAME_CLAIM_CONFLICT,0
72,same_claim_conflict,UNRESOLVED,SAME_CLAIM_CONFLICT,0
73,same_claim_conflict,UNRESOLVED,SAME_CLAIM_CONFLICT,0
74,same_claim_conflict,UNRESOLVED,SAME_CLAIM_CONFLICT,0
75,same_claim_conflict,UNRESOLVED,SAME_CLAIM_CONFLICT,0
76,same_claim_conflict,UNRESOLVED,SAME_CLAIM_CONFLICT,0
77,same_claim_conflict,UNRESOLVED,SAME_CLAIM_CONFLICT,0
78,same_claim_conflict,UNRESOLVED,SAME_CLAIM_CONFLICT,0
79,same_claim_conflict,UNRESOLVED,SAME_CLAIM_CONFLICT,0
80,same_claim_conflict,UNRESOLVED,SAME_CLAIM_CONFLICT,0
81,condition_split,CONDITIONAL,CONDITION_SPLIT,2
82,condition_split,CONDITIONAL,CONDITION_SPLIT,2
83,condition_split,CONDITIONAL,CONDITION_SPLIT,2
84,condition_split,CONDITIONAL,CONDITION_SPLIT,2
85,condition_split,CONDITIONAL,CONDITION_SPLIT,2
86,condition_split,CONDITIONAL,CONDITION_SPLIT,2
87,condition_split,CONDITIONAL,CONDITION_SPLIT,2
88,condition_split,CONDITIONAL,CONDITION_SPLIT,2
89,condition_split,CONDITIONAL,CONDITION_SPLIT,2
90,condition_split,CONDITIONAL,CONDITION_SPLIT,2
91,condition_split,CONDITIONAL,CONDITION_SPLIT,2
92,condition_split,CONDITIONAL,CONDITION_SPLIT,2
93,condition_split,CONDITIONAL,CONDITION_SPLIT,2
94,condition_split,CONDITIONAL,CONDITION_SPLIT,2
95,condition_split,CONDITIONAL,CONDITION_SPLIT,2
96,condition_split,CONDITIONAL,CONDITION_SPLIT,2
97,condition_split,CONDITIONAL,CONDITION_SPLIT,2
98,condition_split,CONDITIONAL,CONDITION_SPLIT,2
99,condition_split,CONDITIONAL,CONDITION_SPLIT,2
100,condition_split,CONDITIONAL,CONDITION_SPLIT,2
101,estimand_split,UNRESOLVED,ESTIMAND_SPLIT,0
102,estimand_split,UNRESOLVED,ESTIMAND_SPLIT,0
103,estimand_split,UNRESOLVED,ESTIMAND_SPLIT,0
104,estimand_split,UNRESOLVED,ESTIMAND_SPLIT,0
105,estimand_split,UNRESOLVED,ESTIMAND_SPLIT,0
106,estimand_split,UNRESOLVED,ESTIMAND_SPLIT,0
107,estimand_split,UNRESOLVED,ESTIMAND_SPLIT,0
108,estimand_split,UNRESOLVED,ESTIMAND_SPLIT,0
109,estimand_split,UNRESOLVED,ESTIMAND_SPLIT,0
110,estimand_split,UNRESOLVED,ESTIMAND_SPLIT,0
111,estimand_split,UNRESOLVED,ESTIMAND_SPLIT,0
112,estimand_split,UNRESOLVED,ESTIMAND_SPLIT,0
113,estimand_split,UNRESOLVED,ESTIMAND_SPLIT,0
114,estimand_split,UNRESOLVED,ESTIMAND_SPLIT,0
115,estimand_split,UNRESOLVED,ESTIMAND_SPLIT,0
116,estimand_split,UNRESOLVED,ESTIMAND_SPLIT,0
117,estimand_split,UNRESOLVED,ESTIMAND_SPLIT,0
118,estimand_split,UNRESOLVED,ESTIMAND_SPLIT,0
119,estimand_split,UNRESOLVED,ESTIMAND_SPLIT,0
120,estimand_split,UNRESOLVED,ESTIMAND_SPLIT,0
121,missing_obligation,UNRESOLVED,INSUFFICIENT_OVERLAP,0
122,missing_obligation,UNRESOLVED,INSUFFICIENT_OVERLAP,0
123,missing_obligation,UNRESOLVED,INSUFFICIENT_OVERLAP,0
124,missing_obligation,UNRESOLVED,INSUFFICIENT_OVERLAP,0
125,missing_obligation,UNRESOLVED,INSUFFICIENT_OVERLAP,0
126,missing_obligation,UNRESOLVED,INSUFFICIENT_OVERLAP,0
127,missing_obligation,UNRESOLVED,INSUFFICIENT_OVERLAP,0
128,missing_obligation,UNRESOLVED,INSUFFICIENT_OVERLAP,0
129,missing_obligation,UNRESOLVED,INSUFFICIENT_OVERLAP,0
130,missing_obligation,UNRESOLVED,INSUFFICIENT_OVERLAP,0
131,missing_obligation,UNRESOLVED,INSUFFICIENT_OVERLAP,0
132,missing_obligation,UNRESOLVED,INSUFFICIENT_OVERLAP,0
133,missing_obligation,UNRESOLVED,INSUFFICIENT_OVERLAP,0
134,missing_obligation,UNRESOLVED,INSUFFICIENT_OVERLAP,0
135,missing_obligation,UNRESOLVED,INSUFFICIENT_OVERLAP,0
136,missing_obligation,UNRESOLVED,INSUFFICIENT_OVERLAP,0
137,missing_obligation,UNRESOLVED,INSUFFICIENT_OVERLAP,0
138,missing_obligation,UNRESOLVED,INSUFFICIENT_OVERLAP,0
139,missing_obligation,UNRESOLVED,INSUFFICIENT_OVERLAP,0
140,missing_obligation,UNRESOLVED,INSUFFICIENT_OVERLAP,0
141,redundant_evidence,LOCAL_ENTITLED,NO_SPLIT,1
142,redundant_evidence,LOCAL_ENTITLED,NO_SPLIT,1
143,redundant_evidence,LOCAL_ENTITLED,NO_SPLIT,1
144,redundant_evidence,LOCAL_ENTITLED,NO_SPLIT,1
145,redundant_evidence,LOCAL_ENTITLED,NO_SPLIT,1
146,redundant_evidence,LOCAL_ENTITLED,NO_SPLIT,1
147,redundant_evidence,LOCAL_ENTITLED,NO_SPLIT,1
148,redundant_evidence,LOCAL_ENTITLED,NO_SPLIT,1
149,redundant_evidence,LOCAL_ENTITLED,NO_SPLIT,1
150,redundant_evidence,LOCAL_ENTITLED,NO_SPLIT,1
151,redundant_evidence,LOCAL_ENTITLED,NO_SPLIT,1
152,redundant_evidence,LOCAL_ENTITLED,NO_SPLIT,1
153,redundant_evidence,LOCAL_ENTITLED,NO_SPLIT,1
154,redundant_evidence,LOCAL_ENTITLED,NO_SPLIT,1
155,redundant_evidence,LOCAL_ENTITLED,NO_SPLIT,1
156,redundant_evidence,LOCAL_ENTITLED,NO_SPLIT,1
157,redundant_evidence,LOCAL_ENTITLED,NO_SPLIT,1
158,redundant_evidence,LOCAL_ENTITLED,NO_SPLIT,1
159,redundant_evidence,LOCAL_ENTITLED,NO_SPLIT,1
160,redundant_evidence,LOCAL_ENTITLED,NO_SPLIT,1
161,fragile_vs_stable,CONDITIONAL,NO_SPLIT,2
162,fragile_vs_stable,CONDITIONAL,NO_SPLIT,2
163,fragile_vs_stable,CONDITIONAL,NO_SPLIT,2
164,fragile_vs_stable,CONDITIONAL,NO_SPLIT,2
165,fragile_vs_stable,CONDITIONAL,NO_SPLIT,2
166,fragile_vs_stable,CONDITIONAL,NO_SPLIT,2
167,fragile_vs_stable,CONDITIONAL,NO_SPLIT,2
168,fragile_vs_stable,CONDITIONAL,NO_SPLIT,2
169,fragile_vs_stable,CONDITIONAL,NO_SPLIT,2
170,fragile_vs_stable,CONDITIONAL,NO_SPLIT,2
171,fragile_vs_stable,CONDITIONAL,NO_SPLIT,2
172,fragile_vs_stable,CONDITIONAL,NO_SPLIT,2
173,fragile_vs_stable,CONDITIONAL,NO_SPLIT,2
174,fragile_vs_stable,CONDITIONAL,NO_SPLIT,2
175,fragile_vs_stable,CONDITIONAL,NO_SPLIT,2
176,fragile_vs_stable,CONDITIONAL,NO_SPLIT,2
177,fragile_vs_stable,CONDITIONAL,NO_SPLIT,2
178,fragile_vs_stable,CONDITIONAL,NO_SPLIT,2
179,fragile_vs_stable,CONDITIONAL,NO_SPLIT,2
180,fragile_vs_stable,CONDITIONAL,NO_SPLIT,2
181,dense_narrow_vs_sparse_diverse,CONDITIONAL,NO_SPLIT,2
182,dense_narrow_vs_sparse_diverse,CONDITIONAL,NO_SPLIT,2
183,dense_narrow_vs_sparse_diverse,CONDITIONAL,NO_SPLIT,2
184,dense_narrow_vs_sparse_diverse,CONDITIONAL,NO_SPLIT,2
185,dense_narrow_vs_sparse_diverse,CONDITIONAL,NO_SPLIT,2
186,dense_narrow_vs_sparse_diverse,CONDITIONAL,NO_SPLIT,2
187,dense_narrow_vs_sparse_diverse,CONDITIONAL,NO_SPLIT,2
188,dense_narrow_vs_sparse_diverse,CONDITIONAL,NO_SPLIT,2
189,dense_narrow_vs_sparse_diverse,CONDITIONAL,NO_SPLIT,2
190,dense_narrow_vs_sparse_diverse,CONDITIONAL,NO_SPLIT,2
191,dense_narrow_vs_sparse_diverse,CONDITIONAL,NO_SPLIT,2
192,dense_narrow_vs_sparse_diverse,CONDITIONAL,NO_SPLIT,2
193,dense_narrow_vs_sparse_diverse,CONDITIONAL,NO_SPLIT,2
194,dense_narrow_vs_sparse_diverse,CONDITIONAL,NO_SPLIT,2
195,dense_narrow_vs_sparse_diverse,CONDITIONAL,NO_SPLIT,2
196,dense_narrow_vs_sparse_diverse,CONDITIONAL,NO_SPLIT,2
197,dense_narrow_vs_sparse_diverse,CONDITIONAL,NO_SPLIT,2
198,dense_narrow_vs_sparse_diverse,CONDITIONAL,NO_SPLIT,2
199,dense_narrow_vs_sparse_diverse,CONDITIONAL,NO_SPLIT,2
200,dense_narrow_vs_sparse_diverse,CONDITIONAL,NO_SPLIT,2
