claim_id,claim,supporting_gate,artifact,result,limitation,allowed_final_wording
F01,"EET reduces over-entitlement relative to applicable baselines",Gate2,"EET_Gate2_2026-10-07/07_paired_method_comparisons.csv","positive OEE advantage vs all applicable baselines","development benchmark","EET reduced over-entitlement error relative to applicable baselines in the development synthetic benchmark"
F02,"EET confirmatory OEE advantage replicates",Gate5,"EET_Gate5_2026-10-07/11_paired_baseline_comparisons.csv","B6 paired OEE improvement 0.193333; 95% CI [0.090000,0.300000]","synthetic confirmatory evidence only","EET V2 retained a confirmatory over-entitlement advantage over the strongest applicable baselines"
F03,"EET does not eliminate under-entitlement",Gate5,"EET_Gate5_2026-10-07/09_confirmatory_primary_metrics.csv","UEE 0.006667","UEE is nonzero","EET reduces over-entitlement while retaining a small nonzero under-entitlement cost"
F04,"EET improves condition-split identification",Gate5,"EET_Gate5_2026-10-07/09_confirmatory_primary_metrics.csv","EET V2 F1 0.918919 vs B2 0.709677","synthetic benchmark","EET more accurately separated condition-dependent findings in the confirmatory synthetic benchmark"
F05,"EET is conditionally robust",Gate3,"EET_Gate3_2026-10-07/09_stress_summary.csv","advantages persist under tested heterogeneity/context mismatch","high missingness/low density increase UEE","EET is conditionally robust across the tested perturbation range"
F06,"Severe incompleteness is a limitation",Gate3,"EET_Gate3_2026-10-07/10_failure_boundaries.csv","UEE warning at >=50% missingness and <=20 evidence objects","boundary is benchmark-specific","EET should be used cautiously when evidence is extremely incomplete or sparse"
F07,"Core architecture survives ablation",Gate3,"EET_Gate3_2026-10-07/13_component_necessity.csv","claim order, obligations, frontier, transfer materially contribute","synthetic ablation","Claim order, obligation structure, frontier, and transfer are retained as core EET components"
F08,"Obstruction is explanatory rather than predictive",Gate5,"EET_Gate5_2026-10-07/03_EET_V2_component_status.csv","EXPLANATORY_ONLY","predictive gain negligible","Minimal obstruction is retained as an explanatory layer rather than a core predictor"
F09,"Stability is secondary diagnostic",Gate5,"EET_Gate5_2026-10-07/03_EET_V2_component_status.csv","SECONDARY_DIAGNOSTIC","small direct predictive gain","Perturbation stability is retained as a secondary diagnostic"
F10,"Novelty is integration-level",Gate1,"EET_Gate1_2026-10-07/03_prior_art_novelty_matrix.csv","candidate integrated claim-scope-centered architecture","no firstness claim","EET is positioned as a synthesis framework integrating established mathematical ideas around claim entitlement"
