criticism,status,response_or_required_limitation
circular_benchmark,PARTIALLY_RESOLVED,"ground truth generated independently of predictions; synthetic design still cannot prove real-world validity"
synthetic_worlds_favor_EET,PARTIALLY_RESOLVED,"fresh confirmatory worlds and baselines reduce but do not eliminate design-risk"
unfair_baselines,PARTIALLY_RESOLVED,"baseline applicability was task-scoped; manuscript must avoid cross-task superiority claims"
arbitrary_claim_order,RESOLVED,"family-of-posets semantics and logical implication rule"
arbitrary_obligations,PARTIALLY_RESOLVED,"obligations operationalized but domain specification remains a modeling responsibility"
decorative_mathematics,RESOLVED,"ablation retained only materially useful core components"
relabeling_existing_methods,PARTIALLY_RESOLVED,"novelty restricted to integration-level framework"
excessive_conservatism,PARTIALLY_RESOLVED,"documented applicability boundaries"
weak_published_evidence_validation,PARTIALLY_RESOLVED,"published validation supports interpretability only"
lack_real_ground_truth,UNRESOLVED,"cannot be solved by retrospective literature; must be acknowledged"
overclaiming_novelty,RESOLVED,"no firstness/new primitive claims"
metric_cherry_picking,RESOLVED,"primary endpoints frozen before benchmarks"
data_leakage,RESOLVED,"development and confirmatory seeds separated"
insufficient_independent_replication,PARTIALLY_RESOLVED,"fresh confirmatory synthetic replication completed; external independent replication absent"
complexity_without_gain,RESOLVED,"ablation simplified V2 and preserved measurable gains"
meta_analysis_superiority,NOT_APPLICABLE,"EET is not claimed to replace meta-analysis on commensurable pooled-effect tasks"
