file_order,file_name,purpose
1,README.md,"Gate6 overview"
2,01_final_claim_evidence_matrix.csv,"Final evidence chain"
3,02_frozen_threshold_audit.csv,"Frozen practical threshold audit"
4,03_OEE_UEE_final_tradeoff.csv,"Final over/under-entitlement tradeoff"
5,04_final_applicability_boundaries.csv,"Stress/failure boundaries"
6,05_final_component_architecture.csv,"Final EET architecture"
7,06_final_novelty_position.csv,"Novelty positioning"
8,07_reviewer_relabeling_risk.csv,"Relabeling/prior-art risk"
9,08_final_212_reference_audit.csv,"Final reference readiness"
10,09_published_evidence_validation_final_assessment.csv,"Published evidence assessment"
11,10_hostile_reviewer_audit.csv,"Adversarial review"
12,11_reproducibility_audit.csv,"Reproducibility status"
13,12_allowed_final_claims.csv,"Allowed final wording"
14,13_prohibited_overclaims.csv,"Prohibited claims"
15,14_final_GO_MODIFY_STOP_decision.csv,"Final decision"
16,15_full_corpus_next_stage_spec.csv,"Next-stage specification"
17,16_gate6_result_summary.csv,"Headline Gate6 results"
18,17_provenance_manifest.csv,"Provenance"
19,18_hash_manifest.csv,"Hash status"
20,19_gate6_index.csv,"Paper-writing index"
