artifact_id,artifact_type,paper,path,source,status,claim_boundary
PA001,table,P1,paper_writing/paper_artifacts/tables/primary_discovery_batch01.md,evidence/search/primary_discovery_batch01.csv,discovery,"No prevalence or included-study claim"
PA002,figure,P1,paper_writing/paper_artifacts/figures/workstream_coverage_batch01.svg,paper_writing/paper_artifacts/analysis/workstream_coverage_batch01.csv,discovery,"Coverage diagnostic only"
PA003,analysis,P1,paper_writing/paper_artifacts/analysis/workstream_coverage_batch01.csv,evidence/search/primary_discovery_batch01.csv,discovery,"Overlapping workstream counts"
PA004,algorithm,P1,paper_writing/paper_artifacts/algorithms/A1_DISCOVERY_TO_SCREENING.md,protocol/PRIMARY_STUDY_SEARCH_STRATEGY.md,workflow,"Not an AR scientific algorithm"
PA005,table,P1,paper_writing/paper_artifacts/tables/NEXT_03_SCREENING_OUTCOME.md,evidence/search/screening_batch01.csv,screened-seed,"Not final PRISMA corpus"
PA006,analysis,P1,paper_writing/paper_artifacts/analysis/NEXT_03_screening_flow.csv,evidence/search/screening_batch01.csv,screened-seed,"Seed-batch flow only"
PA007,algorithm,P1,paper_writing/paper_artifacts/algorithms/A2_CANONICALIZE_DEDUP_SCREEN.md,protocol/PRIMARY_STUDY_SEARCH_STRATEGY.md,workflow,"Review workflow algorithm; not AR method"
PA008,table,P1,paper_writing/paper_artifacts/tables/NEXT_04_PILOT_EVIDENCE_CUBE.md,evidence/primary/structured_extraction_batch01.csv,pilot-extraction,"Schema-validation table; not field prevalence"
PA009,analysis,P1,paper_writing/paper_artifacts/analysis/NEXT_04_PILOT_EXTRACTION.md,evidence/primary/structured_extraction_batch01.csv,pilot-extraction,"Signals only; final synthesis pending corpus freeze"
PA010,references,P1,paper_writing/paper_artifacts/references/master.bib,paper_writing/paper_artifacts/references/BIB_VALIDATION_STATUS.csv,validated-library,"Only validated entries allowed for manuscript citation"
PA011,analysis,P1,paper_writing/paper_artifacts/analysis/PRE_RUN_WORKFLOW_AUDIT_2026-10-05.md,"workflow files + E001 runner + master.bib",pre-run-audit,"No workflow success claim"
PA012,analysis,P1,paper_writing/paper_artifacts/analysis/NEXT_05_PROGRESS.md,evidence/search/primary_discovery_batch02.csv,in-progress,"Corpus not frozen; no PRISMA totals"
PA013,references,P1,paper_writing/paper_artifacts/references/master.bib,paper_writing/paper_artifacts/references/BIB_VALIDATION_STATUS.csv,8-validated-entries,"Append only after bibliographic validation"
